145,8.27E+17, Wed Feb 01 15:18:47 +0000 2017,1.49E+12, @newday when west virginia can give each citizen 433 oxycontin pills  we got a problem. trump knew this and used it to his advantage...,  oxycontin,626611484, svrcek186, facebook  wendy flowers,0,0,47, None, None
180,8.27E+17, Wed Feb 01 17:22:10 +0000 2017,1.49E+12, @lihelps  im addicted to oxycontin ive been on for more than 15 yrs bedridden since 2001 my dr cant find a painkiller that isnt deadly,  oxycontin,2302581225, Kurtgreezer, old man 56 married 35 yrs four kids 6 grands got a new one,0,0,1951, Pennsylvania: USA, None
294,8.27E+17, Thu Feb 02 02:57:13 +0000 2017,1.49E+12, why paige just ask me to give her some vicodin and oxycontin like im a damn druggielike how you know what i got.,  oxycontin,3241966567, Brechvee, sweetest girl | wmu20 biomed major,0,0,553, my bag, None
399,8.27E+17, Thu Feb 02 12:53:49 +0000 2017,1.49E+12, lean on rocks.perkys  mollys  xannies  rox. oxycontin  takeoff im your med doc,  oxycontin,1365797598, Lil_Welly69, certified junkie,0,0,58, None, None
26,8.40E+17, Fri Mar 10 02:07:40 +0000 2017,1.49E+12, sick oxycontin shirt u fucking dick,  oxycontin,1601496524, blackmetaldog, im gay theythem,0,0,202, i dont even know anymore, None
110,8.40E+17, Fri Mar 10 04:18:35 +0000 2017,1.49E+12, california crime gang was responsible for getting millions of oxycontin tabs for street sale. city mayor filed suit against pharm. blame ,  oxycontin,61305785, Delta33_1976, conservative veteran picture is my son matt  usmc i was us army  have 2 sons that were usmc national pain foundation  advocate  cyber investigationsresearch,0,0,375, CranberryTownship PA, None
111,8.40E+17, Fri Mar 10 04:19:30 +0000 2017,1.49E+12, more than 1 million oxycontin pills ended up in the hands of criminals and addicts. what the drugmaker knew ,  oxycontin,365071506, nbrooks1975, investing  the economy   f1 and much more get a lay of the land,0,0,431, Reading / Bernville  PA USA, None
159,8.40E+17, Fri Mar 10 06:20:53 +0000 2017,1.49E+12, i babysat my kids peers while i was on oxycontin ahaha classic me,  oxycontin,79278476, alphayimer, peaceful protestor. civil disobedience. choom gang. plantbased. psychonaut  being a slug  being black,0,0,705, San Diego, None
216,8.40E+17, Fri Mar 10 14:28:11 +0000 2017,1.49E+12, and hell negotiate with the drug companies to make the price of oxycontin et al.  much more affordable.  ,  oxycontin,7.10E+17, pkpaddaddy, hope for the best but become theresistance when handed the unacceptable. beginning to feel like winston smith.,0,0,1157, North Central Pennsylvania USA, None
438,8.40E+17, Sat Mar 11 01:38:13 +0000 2017,1.49E+12, @nick422  you just earned yourself a fab and thats not even the bourbon and oxycontin talking,  oxycontin,90298784, SamInteractive, the people of chs welcome all to see in the flourishing of these trees a living symbol of the healing power of forgiveness,0,0,1645, Charleston: SC, None
453,8.40E+17, Sat Mar 11 02:03:03 +0000 2017,1.49E+12, @isiswhitehead as a pharmacist it was pushed by drug companies. when oxycontin came out it was supposed to be a breakthrough. addiction,  oxycontin,252998438, Expurg8d, contigo ergo sum,0,0,31, sacramento california, None
511,8.40E+17, Sat Mar 11 04:10:50 +0000 2017,1.49E+12, @stopnuclearwar @dailykos are these the ppl who are on oxycontin. cant wait for your supplies to dry up after you build your wall,  oxycontin,293558246, AndreaVoyt, writing short stories about the mystery of nature including birds  human nature and quirky characters stories for birders and other observers on amazon,0,0,1228, Arlington: Virginia, None
552,8.40E+17, Sat Mar 11 05:53:42 +0000 2017,1.49E+12, ive seen oxycontin take four lives,  oxycontin,790339496, maddygould15, heavy is the head that wears the crown  leave the world better than you found it  wrestling  assistant to the regional manager volunteer sheriff deputy,0,0,523, Bay Area â€°_ÃÅâ€¢Ã_Âè AZ â€°_ÃÅâ€¢Ã_Âè AK â€°_ÃÅâ€¢Ã_Âè Boise, None
582,8.40E+17, Sat Mar 11 08:43:17 +0000 2017,1.49E+12, this song sounds like oxycontin,  oxycontin,17439965, patrickviolence, none,0,0,247, Map Ref. 34Ã¥Â¡ N 118Ã¥Â¡ W , None
981,8.41E+17, Sun Mar 12 18:27:19 +0000 2017,1.49E+12, @smugdingus its probably oxycontin,  oxycontin,17983062, NotintheMood, a classically trained artist with a focus in snobbery  snark and snubbing. looking for position with experienced villain. costumes considered.,0,0,865, Tacoma: WA, None
1075,8.41E+17, Mon Mar 13 01:13:26 +0000 2017,1.49E+12, this lady just came in and asked one of applebees manager if she could sell her oxycontin ,  oxycontin,154380014, KelseyLynnCook, |basically the female version of michael kelso| very proud of my chaco tan| outdoor rec major| completely and utterly obsessed with the office| go mocs|,0,0,442, Chattanooga: TN, None
1166,8.41E+17, Mon Mar 13 06:58:51 +0000 2017,1.49E+12, @rookiecitycop youre ahead of most. eat oxycontin drink whiskey no sleep,  oxycontin,377107455, Owison, canucks jays manuntd bclions 3lions rosies friendlyneighborhoodhighwaypatrolman hpccittctsfctl,0,0,401, Im all Highway, None
1394,8.41E+17, Mon Mar 13 22:38:35 +0000 2017,1.49E+12, lean on rocks  perkys  mollies  xannies  rocks  oxycontin...takeoff  im your med doc,  oxycontin,256775025, jay_chaos36, stack  pray  and stay out of the way... isu18 rest easy pops ,0,0,457, West Chicago: IL, None
1437,8.41E+17, Tue Mar 14 00:26:09 +0000 2017,1.49E+12, @realdonaldtrump remember  rush is usually dosed up on his oxycontin.,  oxycontin,833301408, linderkel, none,0,0,124, None, None
1597,8.42E+17, Tue Mar 14 04:04:55 +0000 2017,1.49E+12, @dubradave @chrislhayes does vrx make oxycontin i dont think so. but would like to know who does,  oxycontin,25739434, mcelarier, journalist writing on money  power for nymag  fortune  ii   slate you can now find my latest work at   email m.celarier@gmail.com,0,0,1261, New York, None
1701,8.42E+17, Tue Mar 14 15:36:37 +0000 2017,1.49E+12, better than pot lol. my oxycontin prescription never got filled all our rite aids were out. 911 recommended this f ,  oxycontin,29406691, DekonteCass, 47 year young  bible college grad  africanewarkloving  homeschooling mother of 56  radically saved christian  diehard community activist. more ask ,0,0,376, Newark: NJ, None
1738,8.42E+17, Tue Mar 14 17:22:14 +0000 2017,1.49E+12, everett sues drugmaker for letting oxycontin flood black market  ,  oxycontin,12763982, TriCityHerald, voice of the midcolumbia. tips and feedback 5095821502 or email news@tricityherald.com. upload your photos to ,0,0,1129, Tri-Cities: Wash., None
1798,8.42E+17, Tue Mar 14 20:45:04 +0000 2017,1.49E+12, spike in painkiller deaths amp street crimes  city of everett  wa sues oxycontin producer bigpharma opioidepidemic ,  oxycontin,31260535, TheSkannerNews, serving the african and african american community in the pacific northwest,0,0,2618, Pacific Northwest: the World, None
1925,8.42E+17, Wed Mar 15 02:59:39 +0000 2017,1.49E+12, everett wa sues purdue pharma over oxycontin.    ,  oxycontin,26237787, sweetgreatmom, i am a retired it professional  a mother to a married daughter 44  grandmother to 2 men  26 and 19.  i like pinochle  cooking  dancing  tv  and dogs.,0,0,2057, Philadelphia: PA, None
51,8.42E+17, Wed Mar 15 18:24:27 +0000 2017,1.49E+12, @ivankatrump  other countries dont give out  prescriptions for oxycontin. purdue pharma which was in trouble until they came up with oxy.,  oxycontin,1343229038, lisaorr914, free your mind and your ass will follow  i am the face of an immigrant.,0,0,1016, southern-shore of Lake Erie, None
276,8.42E+17, Thu Mar 16 02:22:43 +0000 2017,1.49E+12, how long before all red state citizens die of oxycontin overdoses can we wait it out,  oxycontin,270784188, hugh_gilmore, i play bass for lots of different people. @berkleecollege alum  @cheesesociety ccp. i love jazz  wine  and electrons.,0,0,821, Chicago: IL, None
662,8.43E+17, Fri Mar 17 00:53:59 +0000 2017,1.49E+12, @jemelehill it is legal  its just called oxycontin and vicodin,  oxycontin,792448442, gangstabilly, still aware of everything life carries on without,0,0,514, El Paso: TX, None
991,8.43E+17, Fri Mar 17 19:53:17 +0000 2017,1.49E+12, @clivesimpkins @atulgawande @psychoboblogy technically oxycontin has a slower release mek over 8 hours percocet delivers all at once,  oxycontin,61305785, Delta33_1976, conservative veteran picture is my son matt  usmc i was us army  have 2 sons that were usmc national pain foundation  advocate  cyber investigationsresearch,0,0,383, CranberryTownship PA, None
1106,8.43E+17, Sat Mar 18 02:23:02 +0000 2017,1.49E+12, city files landmark lawsuit against the makers of oxycontin   ,  oxycontin,8.09E+17, kevintutty2, born in smethwick england living in canada lover of weed peace and good times,0,0,723, Hamilton: Ontario, None
1518,8.43E+17, Sun Mar 19 16:27:10 +0000 2017,1.49E+12, @bonniesue05060 @lesliemarshall nothing to see here. move on. if you are in appalachia  have some oxycontin paid for by my supporters. sucka,  oxycontin,17348589, HabibHaddad, it doesnt make you a bad person. faith  kim  family and friends. unrepentant seamhead. wvu 4ever orioles and bennington rts are not endorsements.,0,0,837, Planet Earth, None
1781,8.44E+17, Mon Mar 20 14:37:25 +0000 2017,1.49E+12, he can always help drumpf and go back home to kentucky and deal oxycontin to drumpf voters ,  oxycontin,2587888290, ccollinshockey, none,0,0,628, develop hockey: China. , None
2158,8.44E+17, Tue Mar 21 16:20:18 +0000 2017,1.49E+12,  walgreens on calumet  valpo also robbed the pharmacy of oxycontin. police searching for suspects,  oxycontin,614384483, sherrie_gill, cpht  pharmacy  health consultant and author on ,0,0,27, hobart, None
2230,8.44E+17, Tue Mar 21 22:28:05 +0000 2017,1.49E+12, til the nazis were often given methamphetamine before battle and hitler loved oxycontin. @vicenews,  oxycontin,34168545, kclallen, musician  singersongwriter  producer  and radio personality,0,0,292, Winter Park: Fl, None
2270,8.44E+17, Wed Mar 22 00:58:29 +0000 2017,1.49E+12, @scottlincicome if he follows mckinleys policies  maybe other nations can no longer ban oxycontin.,  oxycontin,27036575, phreehold1, none,0,0,88, None, None
80,8.45E+17, Wed Mar 22 22:39:58 +0000 2017,1.49E+12, is uncontrollably crying a side effect of oxycontin im asking for a friend....,  oxycontin,38852625, m_DeGennaro, those who choose profits over the environment drew the pontiffs ire,0,0,333, None, None
286,8.45E+17, Thu Mar 23 14:59:53 +0000 2017,1.49E+12, @ezraklein americahas always said no. oxycotten oxycontin wood s man ..guantanamao too dangerous to take on haj um ,  oxycontin,94607597, FairWitness1, change your  change your email use multiple accounts let twitter cue home random sample cue tweets responses open new twitter tab make scrn grabs,0,0,2685, None, None
329,8.45E+17, Thu Mar 23 17:25:14 +0000 2017,1.49E+12, or they become addicted like in the case of oxycontin with many americans and they will then pay anything for the drug,  oxycontin,270730396, psudo1, jedi grand master,0,0,31, Eagle Rock: Los Angeles, None
361,8.45E+17, Thu Mar 23 19:22:45 +0000 2017,1.49E+12, my prof just told the class he is addicted to oxycontin. this semester now makes sense.,  oxycontin,256689128, dedney10, young and dumb ,0,0,534, None, None
848,8.45E+17, Sat Mar 25 01:22:30 +0000 2017,1.49E+12, @anncoulter when i see your tweets  i think of oxycontin ..,  oxycontin,26746887, msubulldawg2006, im willie conwills first grandchild  i love my wife i love politics.. and our little cabin on the lake..,0,0,518, iPhone: 34.275482:-88.548523, None
938,8.46E+17, Sat Mar 25 12:13:26 +0000 2017,1.49E+12, @dukecambridgeuk @fbi @princecharlesh6 @eu @icctthehague @kremlinrussiae the men who stole my purse last night took some of my oxycontin.,  oxycontin,8.44E+17, Ba_Suh1, ft. lauderdale fl airportwaiting 4 refunda plane ticket refunddirect depositwhatever posts 1st. tired. workingfinal intelligence research paper due now.,0,0,103, Dania Beach: FL, None
1093,8.46E+17, Sun Mar 26 00:30:40 +0000 2017,1.49E+12, @dukecambridgeuk @fbi @princecharlesh6 @eu @icctthehague @kremlinrussiae non stop rainwettook oxycontinstill e ,  oxycontin,8.44E+17, Ba_Suh1, ft. lauderdale fl airportwaiting 4 refunda plane ticket refunddirect depositwhatever posts 1st. tired. workingfinal intelligence research paper due now.,0,0,103, Dania Beach: FL, {'coordinates': [26.102462: -80.1426692]: 'type': 'Point'}
1099,8.46E+17, Sun Mar 26 01:03:52 +0000 2017,1.49E+12, @dukecambridgeuk @fbi @princecharlesh6 @eu @icctthehague @kremlinrussiae took another oxycontin 4increase painwarming upmore comfortable,  oxycontin,8.44E+17, Ba_Suh1, ft. lauderdale fl airportwaiting 4 refunda plane ticket refunddirect depositwhatever posts 1st. tired. workingfinal intelligence research paper due now.,0,0,103, Dania Beach: FL, None
1240,8.46E+17, Sun Mar 26 16:21:03 +0000 2017,1.49E+12, woke up turns out i was high on oxycontin last night and i sent every girl in my phone my little dick was made to love uwu ,  oxycontin,344864021, YaDingoid, afraid of being touched both physically and emotionally,0,0,244, new yawk, None
1462,8.46E+17, Mon Mar 27 04:02:28 +0000 2017,1.49E+12, month or so ago someone tried stealing a couple thousand oxycontin i walked by those boxes. oh yeah caught. dumb thieves.,  oxycontin,512834546, sidthirteen, amazing what the russians can do with a potato....,0,0,321, Illinois, {'coordinates': [42.25225225: -88.99569418]: 'type': 'Point'}
2231,8.47E+17, Wed Mar 29 03:09:34 +0000 2017,1.49E+12, how is corruption not absurdly obvious to everyone when cookie dough isnt fda approved but oxycontin is commonly prescribed,  oxycontin,1637413218, FLMNGOkeegs, lover of creation,0,0,337, Las Vegas, None
2544,8.47E+17, Wed Mar 29 19:02:11 +0000 2017,1.49E+12, im eating shrooms  poppin oxycontin  kissing on this lean straight straight got me noddin.,  oxycontin,426406272, TweetIsBad, la dolce vita,0,0,633, Balifornia, None
2671,8.47E+17, Wed Mar 29 22:38:57 +0000 2017,1.49E+12, yes. i was on an oxycontin. ,  oxycontin,253112908, seilogafrost, wa | samoan | vintora ,0,0,659, LEFTCOASTIN' , None
2676,8.47E+17, Wed Mar 29 22:48:13 +0000 2017,1.49E+12, @cbsnews re 5 day limit on oxycontin  ppl are freaking out about pain meds but some ppl need pain medication limits will hurt them.,  oxycontin,732971256, arkreader,  liberal democratic socialist equal rights for all. singlepayer union lgbtq theresistance grabyourwallet arpx arleg impeach orangething ,0,0,4342, #TheResistance, None
2690,8.47E+17, Wed Mar 29 23:13:21 +0000 2017,1.49E+12, @myinfodennis8 @rolandscahill @realdonaldtrump theyre not bringing oxycontin  and percocet over the border with th ,  oxycontin,378962573, pepeB0LIVAR,     cubs fan. bad hombre.,0,0,440, Chicago: IL, None
3009,8.47E+17, Thu Mar 30 13:04:34 +0000 2017,1.49E+12, sackler family known for supporting arts but connection with purdue pharma and oxycontin marketing less wellknown  ,  oxycontin,299901270, Pharmed_Out, gumc project that advances evidencebased prescribing and educates about   pharmaceutical marketing techniques. tweets do not reflect official views of gumc.,0,0,1010, Georgetown Univ Medical Center, None
3173,8.48E+17, Thu Mar 30 18:45:15 +0000 2017,1.49E+12, my mouth still hurts from getting my teeth out but i dont like the way oxycontin makes me feel im just going to suck it up,  oxycontin,3647253136, _Gladyssx, @bigbricks   is my errthang,0,0,308, Centreville: VA, None
3207,8.48E+17, Thu Mar 30 20:15:13 +0000 2017,1.49E+12, lil wyte oxycontin  @ minglewood hall ,  oxycontin,197278601, Jamel_Montalban, im most definite  not think so. noexcuses addnoe,0,0,1970,  Memphis: TN, {'coordinates': [35.1381192: -90.0094706]: 'type': 'Point'}
3255,8.48E+17, Thu Mar 30 21:53:07 +0000 2017,1.49E+12, @wrongnowshutup2 now if we could end prohibition there could be quite the market for grape adderall or watermelon oxycontin.,  oxycontin,2267598355, dempstermd, son  brother  father  uncle  shaggyvelma lovechild  all around man about town. southerner out west.,0,0,1385, St. George: Utah, None
3349,8.48E+17, Fri Mar 31 02:07:37 +0000 2017,1.49E+12, to say this is irresponsible would be massive understatement.fda approves oxycontin for kids 11 to 16  via @usatoday,  oxycontin,3000132570, vapordoug, cofounder vvv industries @boilermakervape  @chewycloudz fighting for vapor industry and harm reduction.,0,0,557, Torrance: CA, None
3375,8.48E+17, Fri Mar 31 03:12:57 +0000 2017,1.49E+12, the @fda just approved this 4 kids. you want a description of hell oxycontins 12hour problem investigatingoxy ,  oxycontin,3000132570, vapordoug, cofounder vvv industries @boilermakervape  @chewycloudz fighting for vapor industry and harm reduction.,0,0,558, Torrance: CA, None
3460,8.48E+17, Fri Mar 31 11:55:16 +0000 2017,1.49E+12, we take a live look into oxycontin twitter ,  oxycontin,4701442074, _TheWhiteODB, thank god for me.,0,0,672, New New York, None
3480,8.48E+17, Fri Mar 31 13:11:20 +0000 2017,1.49E+12, heard youve been pushing oxycontin,  oxycontin,564186998, dlbhamm_5,51116,0,0,607, City of Townsville , None
3521,8.48E+17, Fri Mar 31 15:21:27 +0000 2017,1.49E+12, @slate donald trumps speeches make them feel good  kevin williamson wrote in national review. so does oxycontin.,  oxycontin,545235240, DanMarschkaLNP, constantly composing what i see. husband  grandfather  motorcycle enthusiast  and lnp media group staff photographer,0,0,626, Lancaster: PA, None
3559,8.48E+17, Fri Mar 31 16:38:46 +0000 2017,1.49E+12, oxy oh the pain i think long holders need to oxycontin,  oxycontin,3082425254, SpyjodyBolen, none,0,0,83, None, None
3602,8.48E+17, Fri Mar 31 18:48:53 +0000 2017,1.49E+12, donald trump is the oxycontin of the people. @realdonaldtrump potus potus45,  oxycontin,47364865, kargoyle, actor  director  producer  writer.,0,0,279, None, None
3603,8.48E+17, Fri Mar 31 18:49:16 +0000 2017,1.49E+12, donald trumps speeches make them feel good  kevin williamson wrote in national review. so does oxycontin. ,  oxycontin,16685207, dennisbmurphy, mountainbiker  cyclist  runner. hiking  camping and canoeing.  enjoy travel  love reading history. congressional candidate in 2016.,0,0,3327, Michigan, None
3606,8.48E+17, Fri Mar 31 18:55:40 +0000 2017,1.49E+12, trumps chumps  trump makes them feel good...so does oxycontin.,  oxycontin,553159362, bawteach, liberal. nerd. animal lover. teacher. ncsu 86 ed tech. juniornation all blue. the sky is the limit. theresistance,0,0,4485, Cramerton: NC, None
3798,8.48E+17, Sat Apr 01 05:17:13 +0000 2017,1.49E+12, that od wasnt her fault  who puts oxycontin in a xanax bottle  archer,  oxycontin,257381376, KingZeke96, sometimes all you can do is prepare for the next obstacle by going to the gym,0,0,261, North Bend: WA, None
3871,8.48E+17, Sat Apr 01 15:21:49 +0000 2017,1.49E+12, donald trumps speeches make them feel good  kevin williamson wrote in national review. so does oxycontin. trumps chumps. sad,  oxycontin,1263091, susieQ, marketing communications and brand strategy. more @  all opinions expressed are my own.,0,0,1468, Portland: OR, None
3937,8.48E+17, Sat Apr 01 19:28:36 +0000 2017,1.49E+12, 94 oxycontin introduced. 2000 policy effecting healthcare accreditation  pain 5th vital sign wpenalties for ina ,  oxycontin,7.97E+17, daBookdragon, i resist bc 20 years nursing 19912014 taught me fear  pain  grief  death  joy  relief  love and birth are totally without prejudice. as we should all be.,0,0,86, Georgia: USA, None
3945,8.48E+17, Sat Apr 01 20:10:44 +0000 2017,1.49E+12, @saintrph if only i could get a doctor whod prescribe me some adderall to go with the oxycontin.,  oxycontin,2267598355, dempstermd, son  brother  father  uncle  shaggyvelma lovechild  all around man about town. southerner out west.,0,0,1393, St. George: Utah, None
4050,8.48E+17, Sun Apr 02 03:23:34 +0000 2017,1.49E+12, @reneestaysready wya with it tonight sis  thanks for getting my oxycontin ,  oxycontin,446070869, Dan_Glorious, changing the world one moscow mule and bucket hat at a time,0,0,407, Chicago , None
4177,8.49E+17, Sun Apr 02 17:33:26 +0000 2017,1.49E+12, @rubenbl94368998 @biannagolodryga @senjohnmccain @davidaxelrod how is the wall going to address the oxycontin epide ,  oxycontin,16497828, janelynne, the noblest are the most stable,0,0,151, philadelphia, None
4185,8.49E+17, Sun Apr 02 17:49:50 +0000 2017,1.49E+12, fyi if i dont respond to anyone until wednesday let it be known hitlers had no underlying mental health problems but loved oxycontin givi,  oxycontin,856974800, Lljnnl19, one love  mudd love.  phs 14 riv 18 teamsubie,0,0,287, United States, None
4191,8.49E+17, Sun Apr 02 18:17:04 +0000 2017,1.49E+12, @gigirules7 yes  but oxycontin will never be banned  like laudanum was decades ago,  oxycontin,24762949, Jankowski60, all doors are open to the believer. patti smith.  admirer of natural  built environments,0,0,2530, Chicago & SW Michigan, None
4236,8.49E+17, Sun Apr 02 21:41:53 +0000 2017,1.49E+12, @louisemensch as a lawyer he defended oxycontin as nonaddictive. so there is that.,  oxycontin,305697207, Not_Fade__Away, life saving tamales spoken here,0,0,204, Gnu Mexico: USA, None
4387,8.49E+17, Mon Apr 03 11:02:26 +0000 2017,1.49E+12, pressgainey satisf surveys started in mid90s  oxycontin launch  pain as 5th vital sign was the toxic fuel for ,  oxycontin,2533814352, RxProfessor, the overuse of pain medication is devastating to everyone involved. i am making a difference through education  action and leadership.,0,0,234, Atlanta: GA, None
81,8.49E+17, Mon Apr 03 19:29:54 +0000 2017,1.49E+12, holy cow i knew it was big but thats crazy. see the oxycontin express by vanguard. great story opioidcrisis ,  oxycontin,2655586238, DrBobL, family medicine  addiction medicine physycian and assistant professor at the university of minnesota department of family medicine and community health.,0,0,139, minneapolis, None
254,8.49E+17, Tue Apr 04 06:51:43 +0000 2017,1.49E+12, @jakebmxer  just in case you forgot .... oxycontin is vi times stronger than codeine,  oxycontin,887670092, Christina_8686, none,0,0,359, None, None
424,8.49E+17, Tue Apr 04 22:57:35 +0000 2017,1.49E+12, @anncoulter in florida  disability payments does not guarentee  for free oxycontin....unless a person is in 247 pa ,  oxycontin,8.43E+17, 4pHUkQXeIjBBt7w, i live to hunt  and i hunt to live.  i prep to provide  god provides to prep.,0,0,30, Florida: USA, None
581,8.50E+17, Wed Apr 05 10:53:14 +0000 2017,1.49E+12, @theevirtuoso im actually taking 60mg of straight oxycontin and some percocet lol,  oxycontin,325967587, Hvnter_,  yohvnter 20,0,0,395, Lemoore: CA, None
613,8.50E+17, Wed Apr 05 13:26:22 +0000 2017,1.49E+12, fda approves oxycontin for kids also fda spends years fighting the supplement industry to ban popular ingredients,  oxycontin,284323888, JohnnyKash1, trying to think of something clever to write here,0,0,661, Davie: Florida, None
690,8.50E+17, Wed Apr 05 18:22:23 +0000 2017,1.49E+12, @sindarmomoa someone forgot to take his green monster oxycontin this morning.,  oxycontin,7.09E+17, JaychaseMCU, from jersey. i just want to reach the stars. astrophysicist i make up theories for nasa,0,0,632, New Jersey: USA, None
797,8.50E+17, Wed Apr 05 22:03:27 +0000 2017,1.49E+12, smoking oxycontin out of a gravity bong i made out of shit that i stole from ian mackayes garage,  oxycontin,1011483361, ssshhheeeiiittt, scared,0,0,345, None, None
879,8.50E+17, Thu Apr 06 00:35:30 +0000 2017,1.49E+12, @thehill and  rush  if you stay over  theyll be some oxycontin on your pillow.,  oxycontin,180808097, davidpom2000, writer  cartoonist  actress wrangler,0,0,2657, New York, None
1040,8.50E+17, Thu Apr 06 15:43:40 +0000 2017,1.49E+12, ill just call it oxycontin,  oxycontin,542228188, TwerkinBocephus, t.,0,0,235, None, None
212,8.27E+17, Fri Feb 03 05:55:20 +0000 2017,1.49E+12, last tweet was brought to you by the makers of zoloft and oxycontin ,  oxycontin,14377461, seung, cant run for office heres why,0,0,659, None, None
136,8.28E+17, Sat Feb 04 01:33:40 +0000 2017,1.49E+12, @darlovesamerica easy on the hippy dope smokers. these are not the kids of stoners. mom and dads oxycontin maybe. big pharma loves these da,  oxycontin,784769190, GWeinhaus, christian  husband  dad  grandpa  friend  junkyard dog. rock and roller  lover and founder of metal that matters. trump supporter and hater of politics.,0,0,1086, Pevely: MO USA, None
344,8.28E+17, Sat Feb 04 19:30:14 +0000 2017,1.49E+12, @dearauntcrabby in kentucky  i think that would be the oxycontin. ,  oxycontin,23715067, ImYerHucklebery, nursing those in need where they are  in northwest montanas glacier country.  theresistance,0,0,727, None, None
373,8.28E+17, Sat Feb 04 22:05:35 +0000 2017,1.49E+12, @bigsammon a powerful pill they call oxycontin,  oxycontin,316930510, Dsmitherzz, artist for presidential productions d smith @xxpresidential ,0,0,761, South Dakota: USA, None
410,8.28E+17, Sun Feb 05 00:52:34 +0000 2017,1.49E+12, ecstasy and oxycontin as well ,  oxycontin,7.40E+17, xotwod_21, im just too distracted with the life im tryna paint sc escobarpablo98  wahs xo till the death,0,0,619, Aurora: IL, None
683,8.28E+17, Sun Feb 05 23:24:43 +0000 2017,1.49E+12, seen oxycontin wreck lives more than anything completely change personality,  oxycontin,823483596, brad_moffatt, ig @bradmoff raptors mapleleafs,0,0,3338, Toronto Ontario Eastside 905, None
946,8.29E+17, Tue Feb 07 02:11:17 +0000 2017,1.49E+12, @browningmachine although i know what otc oxycontin and adderall could lead to  it should still be so as far as im concerned.,  oxycontin,2267598355, dempstermd, son  brother  father  uncle  shaggyvelma lovechild  all around man about town. southerner out west.,0,0,1338, St. George: Utah, None
976,8.29E+17, Tue Feb 07 03:42:57 +0000 2017,1.49E+12, @billmaher bill as requested  i will lend you an oxycontin  but only if you promise to give it back when you are done using it,  oxycontin,4858735293, Tomasit82948014, none,0,0,20, None, None
981,8.29E+17, Tue Feb 07 03:52:35 +0000 2017,1.49E+12, not enough oxycontin in the world to numb that pain. ,  oxycontin,74309606, sjkz, love my family  friends  college football  snow skiing. conservative to the core. always happy  never content. texas am 93.,0,0,479, Sugar Land: Texas, None
1116,8.29E+17, Tue Feb 07 16:23:40 +0000 2017,1.49E+12, just thought i watched a new timely  buffy special where b passed the torch to a mexican slayer. fucking oxycontin even at 5mg. crying,  oxycontin,301596621, Drubskin, homo  erotic. over 28 years of unapologetic pervy pleasure through fineart prints  books  greeting cards  comics  other items.,0,0,310, San Diego: CA, None
0,8.29E+17, Tue Feb 07 17:07:57 +0000 2017,1.49E+12, the metereologist on good day la should be tested for oxycontin.,  oxycontin,30588780, RyanDanielst, ignorer of women who crave attention. . . my tweets are not to be taken seriously  and if you do take them seriously . . . well  just go away.,0,0,416, Burbank: CA, None
41,8.29E+17, Tue Feb 07 19:44:34 +0000 2017,1.49E+12, these oxycontins ,  oxycontin,2150699060, Lia_V_Arr, gallerists|model|dancer|brand ambassador|hostess|ect.,0,0,126, None, None
54,8.29E+17, Tue Feb 07 20:38:19 +0000 2017,1.49E+12, @bloodymau5 well the market is mainly angstfilled teenagers with an oxycontin addiction so they wont have the money to...,  oxycontin,1542161100, DreadSyndrome, vocalist for @thebeforeband ,0,0,176, None, None
98,8.29E+17, Tue Feb 07 23:08:31 +0000 2017,1.49E+12, lady picking up her script at cvs. jacked up on something oh  you want your oxycontin two days early nailed it.,  oxycontin,3239557449, hippienpearls, id rather have flowers in my hair than diamonds around my neck...,0,0,152, Charleston: SC, None
120,8.29E+17, Wed Feb 08 00:00:46 +0000 2017,1.49E+12, the amount of money i have spent on oxycontin is crazy,  oxycontin,2589055892, Pham_tastic4, chad or chadwin,0,0,113, None, None
168,8.29E+17, Wed Feb 08 01:25:08 +0000 2017,1.49E+12, as cops throw people in cages for weed  the makers of deadly oxycontin join the ruling class ,  oxycontin,28248387, LLwaverider, go blue  sportshandicapping  surfing,0,0,614, Maryland: USA, None
223,8.29E+17, Wed Feb 08 04:24:46 +0000 2017,1.49E+12, i spit tea across the room when i watched this. funny amp sad. very true here in east texas. same way oxycontin added ,  oxycontin,8.07E+17, lisajohead, 37  married 19 years  2 children and own small business. i joined to gain and share insight into this beautiful mess we call life. goal social media reporting,0,0,512, Forney: TX, None
466,8.29E+17, Wed Feb 08 20:58:12 +0000 2017,1.49E+12, drug tip if you cant get your hands on oxycontin  try a generic brand.  the high is just as good. itsmy2cents,  oxycontin,141306901, RTunes68, writer  musician  artist  and one of the most successful actresses of mainstream erotica.,0,0,143, Washington: DC, None
510,8.29E+17, Thu Feb 09 00:04:25 +0000 2017,1.49E+12, what did you learn today one pill of oxycontin sells for 400 in alaska. drugsinc favshow,  oxycontin,2194692810, msanders0091, take your time  dont live too fast. troubles will come and they will pass.,0,0,711, None, None
684,8.30E+17, Thu Feb 09 12:47:02 +0000 2017,1.49E+12, i had one two month experience being on prescribed oxycontin. it left me wondering why in the hell anyone would steal to take it.  @cspanwj,  oxycontin,1095170875, Sandy_Beach74, comfort the insane... hug a liberal.,0,0,27, Wisconsin, None
262,8.30E+17, Sat Feb 11 06:45:52 +0000 2017,1.49E+12, she looks like the human version of oxycontin ,  oxycontin,2149543738, nitisharora77, life has many doors  edboy nodapl,0,0,528, Somewhere respecting women, None
260,8.31E+17, Tue Feb 14 11:42:14 +0000 2017,1.49E+12, read dea randomly using oxycontin look alike tracking pills to track where the pills are going works even when swallowed  nh nhpolitics,  oxycontin,52727945, Bill_Phill, ive got breaking sports news,0,0,4667, Nashua: New Hampshire, None
521,8.32E+17, Wed Feb 15 05:47:53 +0000 2017,1.49E+12, @donkey35a @americanpaul202 @potus like oxycontin for the pain. shes drugged up or just stroked out.,  oxycontin,26643566, SpreadButter, keeping it real. spread butter and not the government. fighting political apathy the devil is in the media.  a box of unmentionables .,0,0,20990, DEFCON1 United States: , None
586,8.32E+17, Wed Feb 15 14:27:32 +0000 2017,1.49E+12, also  last saturday was four years off oxycontin  which is cool because im alive amp didnt die from overdosing. big fan.,  oxycontin,239784755, shallinallin, therapist. clinical research assistant. knicks  atletico. almost as good as james brown on his worst night ||| shallinallin at gmail dot com,0,0,1931, NYC, None
715,8.32E+17, Wed Feb 15 22:16:34 +0000 2017,1.49E+12, four atlantic city police emergency 911 operators suspended without pay two charged criminally dealing oxycontin pills on duty @fox29philly,  oxycontin,603155306, KeeleyFox29, none,0,0,144, None, None
771,8.32E+17, Thu Feb 16 01:00:39 +0000 2017,1.49E+12, @mmpadellan @salon  go take some illegal oxycontin you fucking felonious drug addict,  oxycontin,271277347, kwheel21, i know  its only rock and roll  but i like it...,0,0,1382, Sonoran Desert, None
858,8.32E+17, Thu Feb 16 05:16:45 +0000 2017,1.49E+12, ecstasy and oxycontin,  oxycontin,7.40E+17, xotwod_21, im just too distracted with the life im tryna paint sc escobarpablo98  wahs xo till the death,0,0,647, Aurora: IL, None
939,8.32E+17, Thu Feb 16 13:30:41 +0000 2017,1.49E+12,  lean on rocks   perkys   mollies   xannies   rocks. oxycontin takeoff   im ya med doc  . sheesh,  oxycontin,7.64E+17, ian_moody72, 15 || knox,0,0,142, Knoxville: TN, None
1058,8.32E+17, Thu Feb 16 19:55:36 +0000 2017,1.49E+12, it takes 12 candy bars to get one oxycontin where are the @factcheckdotorg guys on that one ,  oxycontin,27025237, dodgr007, rolling strikes when i can.,0,0,826, The Dude will abide., None
1217,8.33E+17, Fri Feb 17 23:24:39 +0000 2017,1.49E+12, yeah  rush limbaugh is an oxycontin addict whose abuse of the drug drove him to hearing loss. ,  oxycontin,1477971, insert_funny, ive been blocked by both @realdonaldtrump and @bbcweather. also  i seem to have done run out of chill. theresistance,0,0,1926, Napoleon: OH, None
1221,8.33E+17, Fri Feb 17 23:32:19 +0000 2017,1.49E+12, @realdonaldtrump oxycontine  will do that to ya,  oxycontin,3902218894, steve_boyar, if your company needs or uses temporary help in broward or palm beach county please let me know,0,0,1860, Fort Lauderdale: FL, None
1223,8.33E+17, Fri Feb 17 23:41:40 +0000 2017,1.49E+12, @realdonaldtrump  rush is still on the oxycontin,  oxycontin,18097883, BrentSullivan, data center  cloud and strategic alliances are my day jobsoaring  cycling  craft beer  and social justice causes are on my time.  all opinions are my own.,0,0,140, Houston, None
1229,8.33E+17, Fri Feb 17 23:56:29 +0000 2017,1.49E+12, @anomaly100 of course limbaugh thought it was a great press conference. to someone out of his mind on oxycontin  it made perfect sense.,  oxycontin,621252383, 6_string_theory, husband of jean  guitarist  connoisseur of comedy  stalker of journalists  other musicians  maker of photofunnies fumetti.,0,0,1037, Salem: OR, None
1255,8.33E+17, Sat Feb 18 01:10:02 +0000 2017,1.49E+12, @realdonaldtrump sounds like the oxycontin talking  rush,  oxycontin,180808097, davidpom2000, writer  cartoonist  actress wrangler,0,0,2545, New York, None
1261,8.33E+17, Sat Feb 18 01:41:06 +0000 2017,1.49E+12, rush must be back on the oxycontin and you  sir  are demented. and dishonest. resign. ,  oxycontin,27943005, lesleyabravanel, nygrown  fltanned  scribe  word nerd  tv junkie  game show champ  yenta  wife  twin mama  hot sauce collector  bloody mary maven   says @nypost  savvy gadfly,0,0,16851, Florida: USA, None
1280,8.33E+17, Sat Feb 18 02:53:09 +0000 2017,1.49E+12, isnt rush the guy who took so much oxycontin that he is almost deaf ,  oxycontin,22033362, allheavens, mother  grandmother  cinephile  literature lover and obamabot. call me a neoliberal if you want  it wont make you feel better and i really dont give a fuck.,0,0,189, Landlocked in Dallas: Texas, None
1648,8.33E+17, Sun Feb 19 15:57:56 +0000 2017,1.49E+12, @mediaite if oxycontin could talk  oh  wait  it can,  oxycontin,180808097, davidpom2000, writer  cartoonist  actress wrangler,0,0,2547, New York, None
1654,8.33E+17, Sun Feb 19 16:15:46 +0000 2017,1.49E+12, lol this fool did it just quote rush limbaugh. hes as liked as flying cockroaches. maybe hes high on oxycontin. ,  oxycontin,39661315, amoscookies, just a california girl who threw a dart at a map and ended up in savannah  georgia for grad school.  patriots obsessed.,0,0,367, California & Georgia, None
1841,8.34E+17, Mon Feb 20 04:33:43 +0000 2017,1.49E+12, the oxycontin scene in the latest episode of girls is so brilliantly shocking and hilarious. cant believe that scene works the way it does,  oxycontin,14313382, TylerScruggs, not millennial garbage  but definitely recyclable. writermusician and opinionhaver. i really wanna be your friend. snapig scruggernaut,0,0,656, Atlanta: GA: USA, None
1867,8.34E+17, Mon Feb 20 06:36:09 +0000 2017,1.49E+12, @foxnews @rushlimbaugh that tweet is just more evidence republicans will believe anything oxycontinviagra addict amp thrice wed rush tells em,  oxycontin,562461335, Bow2kaos, iconoclast liberal polemic avenger patriot unintimidated trail blazer exposing grover norquist  other treasonous republicans,0,0,1557, Salem Oregon, None
1945,8.34E+17, Mon Feb 20 16:34:22 +0000 2017,1.49E+12,  that oxycontin had me sleeping so good lastnight,  oxycontin,1027788512, DaRealKeela,  god made me worse when he gave me a child to look after 110714 aubreemcelliott shegoodbtw nlmb nlms herb kherbo,0,0,1319, None, None
2515,8.34E+17, Wed Feb 22 04:13:08 +0000 2017,1.49E+12, turns out it wasnt the loud music making me deaf  it was the fists full of oxycontin,  oxycontin,2999523264, gbrady216, devout fan of the land | foco livin ,0,0,459, Foco , None
2533,8.34E+17, Wed Feb 22 05:01:39 +0000 2017,1.49E+12, @niickkx no  no  no what was rude was calling my team out for putting oxycontin  but im a forgiving person ,  oxycontin,302699910, sheels94, svsu ,0,0,453, Munger, None
2608,8.34E+17, Wed Feb 22 13:02:08 +0000 2017,1.49E+12, ice please arrest evelyn lezcano she has a rap sheet in key west florida. hooked many people on oxycontin,  oxycontin,8.17E+17, WeberCastor, none,0,0,15, Fort Lauderdale: FL, None
129,8.35E+17, Wed Feb 22 22:52:18 +0000 2017,1.49E+12, @cvpayne u on varneyampco today concerning oxycontin. no matter the drug  some humans look to fill a void in themselves. very sad,  oxycontin,1135504964, crosssa5, dog lover  westies  scotties  poodles. citizen  mom  grandma to colin. mba  audit manager. certified fraud examinator  certified government auditor,0,0,278, San Antonio: TX, None
225,8.35E+17, Thu Feb 23 03:55:46 +0000 2017,1.49E+12, @blakerlchards they found two advil pills on the floor and looked up the number on them and thought they were oxycontin ,  oxycontin,1423876843, BLAKERlCHARDS, none,0,0,98, None, None
510,8.35E+17, Thu Feb 23 22:25:41 +0000 2017,1.49E+12, @jilevin at the same time oxycontin came out and we the medical community created addicts. the dea crack down and harder to crush pills 2,  oxycontin,7.97E+17, daBookdragon, i resist bc 20 years nursing 19912014 taught me fear  pain  grief  death  joy  relief  love and birth are totally without prejudice. as we should all be.,0,0,83, Georgia: USA, None
559,8.35E+17, Fri Feb 24 00:17:21 +0000 2017,1.49E+12, im sponsored by oxycontin,  oxycontin,190125550, CoolinAaron, can i get a little squirt of gas,0,0,754, Kent: OH, None
612,8.35E+17, Fri Feb 24 03:44:16 +0000 2017,1.49E+12, in 8th grade some kids got caught with oxycontin in school amp i got in trouble for posting popped a oxy  im sweatin ,  oxycontin,3014565837, johnnyholman11_, honeys play me close  like butter play toast bibaworld  dudleyboy ,0,0,851, RMU '21 , None
671,8.35E+17, Fri Feb 24 06:16:22 +0000 2017,1.49E+12, @abc physicains and healthcare professionals were told to better treat pain  add on the new oxycontin and you have a recipe for addiction.2,  oxycontin,7.97E+17, daBookdragon, i resist bc 20 years nursing 19912014 taught me fear  pain  grief  death  joy  relief  love and birth are totally without prejudice. as we should all be.,0,0,83, Georgia: USA, None
673,8.35E+17, Fri Feb 24 06:20:13 +0000 2017,1.49E+12, @abc than the dea started cracking down and oxycontin became harder to crust and inject through manufacturing. 3,  oxycontin,7.97E+17, daBookdragon, i resist bc 20 years nursing 19912014 taught me fear  pain  grief  death  joy  relief  love and birth are totally without prejudice. as we should all be.,0,0,83, Georgia: USA, None
674,8.35E+17, Fri Feb 24 06:21:20 +0000 2017,1.49E+12, @abc than the dea started cracking down and oxycontin became harder to crush and inject through manufacturing. 3,  oxycontin,7.97E+17, daBookdragon, i resist bc 20 years nursing 19912014 taught me fear  pain  grief  death  joy  relief  love and birth are totally without prejudice. as we should all be.,0,0,83, Georgia: USA, None
838,8.35E+17, Fri Feb 24 17:39:55 +0000 2017,1.49E+12, thats right  these roads bridges and parks arent going to fix themselves. put a ban on oxycontin also . no mo ,  oxycontin,247244536, marine121784, dont mind me im just overreacting to the liberals overreacting .. you libs better realize one thing ..calling someone a nazi could be detrimental 2 ur health.,0,0,196, None, None
855,8.35E+17, Fri Feb 24 18:08:40 +0000 2017,1.49E+12, @zwmartin @2xl @drbladerunnermd oxycontin was marketed as less addictive.,  oxycontin,237250849, nickjma, also a doctorof chemistry.,0,0,542, Atlanta: GA, None
986,8.35E+17, Sat Feb 25 00:12:23 +0000 2017,1.49E+12, kansas is where dreams get hooked on oxycontin and turn into a career in bartending.,  oxycontin,1075300681, strangehumorist, im pretty busy on wednesdays.,0,0,108, San Francisco: CA, None
1089,8.35E+17, Sat Feb 25 04:09:46 +0000 2017,1.49E+12, yea ask all your voters in your red states who are oxycontinheroin addicts how its working for them ,  oxycontin,2509756642, nettielewis57,  to max. progressive  nurse in alzheimers unit. i believe in a better tomorrow. resist trump.,0,0,2016, University Place: WA, None
1509,8.36E+17, Sun Feb 26 16:54:35 +0000 2017,1.49E+12, lean on rocks perkys  mollies  xannies  rocks oxycontin swagger im your med doc,  oxycontin,1217205540, 6005_Drillaswag, 7 shit shit r.i.p mook thefaceofva born in jacksonville florida duvall county raise in the 703 freekidd free smiley free charlie free skoop n free bernard,0,0,607, Da 7 or bk, None
1651,8.36E+17, Mon Feb 27 00:06:59 +0000 2017,1.49E+12, the drug companies are evil.  they dont want legal weed because then they cant get people addicted on oxycontin  ,  oxycontin,270730396, psudo1,  jedi master,0,0,1986, Eagle Rock: Los Angeles, None
70,8.39E+17, Mon Mar 06 21:14:44 +0000 2017,1.49E+12, why does ben carson always talk like hes lit on oxycontin ,  oxycontin,421895784, LonesomeBones, space rocker  songwriter  son of a bitch. i write with a pen  a pad and a ton of coffee. also check out  for honky tonk fun.,0,0,599, Nashville: TN, None
77,8.39E+17, Mon Mar 06 21:43:56 +0000 2017,1.49E+12, in those old oxycontin fields back home.,  oxycontin,75844163, greezuscroat, i rule all that i see.,0,0,104, New Orleans, None
308,8.39E+17, Tue Mar 07 16:08:48 +0000 2017,1.49E+12, @njalbanese @crackerkid4 @broadwayjayesq i sell oxycontin out of the trunk of my 1988 camry  5 a pop. thats the free market  baby,  oxycontin,14652684, luapula, former hartford whalers mascot. views expressed do not reflect those of the hartfordcarolina nhl franchise.,0,0,1367, Hartford Civic Center Basement, None
424,8.39E+17, Tue Mar 07 23:39:32 +0000 2017,1.49E+12, what is up with not having enough stock to fill an oxycontin script i had to go clear across town to the ghetto cvs pharmacy to get it,  oxycontin,157813580, mcgaula, rn  bsn  onc. ferris state alum born and raised in michigan. i chase freight trains in my pajamas,0,0,2015, East Lansing MI/Chicago IL, None
556,8.39E+17, Wed Mar 08 07:03:42 +0000 2017,1.49E+12, @labgrrl a year ago  i managed to fracture 2 lumbar vertebrae. doc scribed oxycontin. so plugged up  i nearly broke another pooping,  oxycontin,1394361, macartisan, professional kibitzer. allergic to kerning errors. oxford comma or die. catcher in the rye for wayward product designers.   i block eggs. ux usability design,0,0,2840, Seattle, None
570,8.39E+17, Wed Mar 08 08:45:12 +0000 2017,1.49E+12, pills thought to be oxycontin allegedly found.  via @txkgazette,  oxycontin,8.12E+17, RealKarlRichter, city reporter  @txkgazette. arts and letters lover. amateur urbanist. proud @smu alum. rt  endorsement.,0,0,123, Texarkana: USA, None
596,8.39E+17, Wed Mar 08 14:03:23 +0000 2017,1.49E+12, lean on rocks. perkys  mollies  xannies  rocks. oxycontin  takeoff im yo med doc,  oxycontin,268544916, _tnking, be better not bitter | odueventually | sc theandernikki,0,0,529,757, None
642,8.40E+17, Wed Mar 08 17:55:03 +0000 2017,1.49E+12, im sponsored by oxycontin  so im really out of it ,  oxycontin,316812962, Jason_Westfall, fuckin 22. hella laid back. the crazy  the wizard,0,0,188, Skiatook: OK, None
665,8.40E+17, Wed Mar 08 19:12:12 +0000 2017,1.49E+12, i guess ill be stealing some more of tee tees oxycontin pills again today. my back hurts,  oxycontin,2410578521, den_N_Brunswick, for sports purposes only i dont wanna readsee your wack ass tweets try not to get muted rolltribe cavs browns,0,0,95, Brunswick: OH, None
886,8.40E+17, Thu Mar 09 06:10:14 +0000 2017,1.49E+12, oxy amp me  or how theres a 7minute window at night to take oxycontin and sleep or wig out and have the jimmy legs,  oxycontin,90298784, SamInteractive, the people of chs welcome all to see in the flourishing of these trees a living symbol of the healing power of forgiveness,0,0,1644, Charleston: SC, None
1116,8.40E+17, Thu Mar 09 19:56:50 +0000 2017,1.49E+12, @chifm  constant pain and only prescribed tramadol.  i know fakers getting 90 10 oxycontin monthly and sell them. i need but cant get. ,  oxycontin,394417814, illbucsfan, hard working  god fearing   conservativeproud 2b blocked by rosie  odonnell i block ignorance but will engage in intelligent debate.,0,0,201, Melbourne: FL, None