8,8.27E+17, Tue Jan 31 22:35:28 +0000 2017,1.49E+12, can we fast forward to a time where i dont have to count down til the next time i can take a vicodin,  vicodin,1112405984, marissahiler, on the pursuit of being  ajc ,0,0,549, None, None
21,8.27E+17, Wed Feb 01 02:57:08 +0000 2017,1.49E+12, @pittylovee too bad.  there are things you can try previcodin. although i do love me some vicodin,  vicodin,7.83E+17, ColombiaKids2, unlimited supply of useless information. sold by the bucket. only listens to bands with  at least  one dead member.,0,0,40, United States, None
48,8.27E+17, Wed Feb 01 03:42:47 +0000 2017,1.49E+12, sniffing vicodin in paris never felt so euphoric,  vicodin,328887311, cannedfetus, sleepiest girl in the world  lover of coffee  public forum debate  rabbits  games  and nathan  green river,0,0,301, pnw - w nathan, None
162,8.27E+17, Wed Feb 01 16:41:10 +0000 2017,1.49E+12, i need some mf vicodin,  vicodin,325207705, SarahDaBaddest_, employed makeup marijuana lurk awayyy  danilo antonio guerra jr. is the love of my life since 5.11.13,0,0,1054, OKAGA: CA , None
198,8.27E+17, Wed Feb 01 18:15:45 +0000 2017,1.49E+12, anyone have vicodin since my mom doesnt want to give the ones prescribed to me,  vicodin,559170450, broguydudebro, ,0,0,434, None, None
248,8.27E+17, Thu Feb 02 00:23:42 +0000 2017,1.49E+12, back absolutely killing me all day.  add vicodin and . what back dampcoldweather toomuchsitting toomuchfork,  vicodin,1431979934, WasserBliss, mom. wife. engineer. foodie. small business owner. blogger. i love to garden  cook and the tranquility of life in the gass.,0,0,337, Lehigh Valley: PA, None
257,8.27E+17, Thu Feb 02 01:04:43 +0000 2017,1.49E+12, is vicodin a legal tender,  vicodin,338414323, patrickdh69, went to hollywood  failed hard,0,0,527, California/Denial, None
286,8.27E+17, Thu Feb 02 02:36:31 +0000 2017,1.49E+12, sniffing vicodin in paris cashmere really is my life soundtrack rn,  vicodin,290032602, dwilmore_,32013,0,0,459, Reunite AP 12'-16', None
297,8.27E+17, Thu Feb 02 02:58:43 +0000 2017,1.49E+12, cant wait to start my strict vicodin and ice cream diet,  vicodin,17105199, SARAHGAMBITCH, i want to punch you,0,0,98, bay, None
469,8.27E+17, Thu Feb 02 16:19:07 +0000 2017,1.49E+12, @greeneyedtwin good morning. well its morning anyway.  i need motrin.  or vicodin. lookie lookie  i have vicoprof ,  vicodin,14249393, clarkemtp, gif war  hashtag gaming intellectual. im funny. also awkward  tactless  self deprecating  adult humor.      cohost of the clark  heather show. ,0,0,889, Portland: TX, None
30,8.40E+17, Fri Mar 10 02:13:32 +0000 2017,1.49E+12, @rickellis16 which was dumb. just take the damn vicodin,  vicodin,37613101, Citylife80, a mystery wrapped in an enigma smothered in a rich  creamy conundrum sauce. 49ersdodgerslakersferrari,0,0,225, In a hotel somewhere near you., None
120,8.40E+17, Fri Mar 10 04:35:29 +0000 2017,1.49E+12, i pop these percs wit vicodin,  vicodin,1388225509, BrandonCruzado1, tropical cc  | bba in marketing | snapchat brandongideon,0,0,232, None, None
178,8.40E+17, Fri Mar 10 10:02:58 +0000 2017,1.49E+12, that vicodin was supposed to knock me out,  vicodin,65210702, sonnynarco, energy,0,0,185, 1600 k-block : SLA, None
243,8.40E+17, Fri Mar 10 15:41:29 +0000 2017,1.49E+12, @claytoncargill @nflosophy toradol and vicodin arent powerful drugs,  vicodin,95975081, minakimes, senior writer @ espn the magazine,0,0,862, Los Angeles: CA, None
252,8.40E+17, Fri Mar 10 16:00:06 +0000 2017,1.49E+12, @johnproctordfs yep. took horse pills of vicodin for a while for back pain. breakfast lunch amp dinner. liver is roughly equal to james bonds,  vicodin,38068469, MGiraldi, i play fantasy sports. i write things. i drink beer. i tweet what i think. i also spend too much of my  in las vegas. not necessarily in order.,0,0,669, San Luis Obispo: California, None
265,8.40E+17, Fri Mar 10 16:34:37 +0000 2017,1.49E+12, i only trust in vicodin and hollow tips,  vicodin,2777290899, nickcalin_, bitches brew,0,0,195, Elevated, None
348,8.40E+17, Fri Mar 10 20:25:00 +0000 2017,1.49E+12, sniffin vicodin in paris never felt so euphoric,  vicodin,1370540694, MirandaParisot7, none,0,0,185, None, None
380,8.40E+17, Fri Mar 10 22:04:19 +0000 2017,1.49E+12, no more vicodin for this chick,  vicodin,2490744239, G_LyricalFajita, cancer sun  scorpio rising  intj ,0,0,46, Staten Island: NY, None
427,8.40E+17, Sat Mar 11 00:54:15 +0000 2017,1.49E+12, sean payton is trading away picks for vicodin. ,  vicodin,389298644, QualmesJr, slip like freudian,0,0,583, San Jose: CA, None
485,8.40E+17, Sat Mar 11 03:08:36 +0000 2017,1.49E+12, we could take vicodin at night bb,  vicodin,115585215, imalexmonroe, 56 savage lil bitch. verified asshole.                                            ig imalimonroe  thefamily,0,0,632, SEA/OC Beach Bound, None
488,8.40E+17, Sat Mar 11 03:16:38 +0000 2017,1.49E+12, ur old man sold me dese vicodins u mustve seen satan,  vicodin,72122875, Kenya_KayVaughn, music. makeup. ig x kenyakavone,0,0,369, ny:nc:la: im somewhere, None
559,8.40E+17, Sat Mar 11 06:08:30 +0000 2017,1.49E+12, no matter how much vicodin i take it wont cure my heart break @charliehutson1,  vicodin,223007178, shannonmaxcy, be who ya wanna be,0,0,308, Laguna Beach: CA, None
567,8.40E+17, Sat Mar 11 06:34:48 +0000 2017,1.49E+12, i cant move my arms without feelin like ive been shot and ive already taken vicodin,  vicodin,2945821246, Undebated, its a feelin in the air u bouta drop a real classic knickstape stayme7o gopackgo,0,0,145, Harrisburg: PA, None
579,8.40E+17, Sat Mar 11 08:19:17 +0000 2017,1.49E+12, within 6 hours of me leaving reno @aubsthomas broke her finger and is now on vicodin i can never leave again my aubie needs me,  vicodin,2999273380, HandKarly, university of nevada  reno ,0,0,583, None, None
583,8.40E+17, Sat Mar 11 08:45:23 +0000 2017,1.49E+12, @repjoekennedy i got lucky my dr gave me oxy and vicodine. i alternated them by the week. i got damn sick but i lived. changed dr. asapcreap,  vicodin,7.73E+17, PoochiniPupito, i am @realpucinipupito iamhighonmom momsdogshesaysiamsmarterthanthenewpresisnotthatfunnymetoohilbiltheclintonesdontdeserveanyofthiscrapblanketpardon,0,0,58, Washington: USA  , None
612,8.41E+17, Sat Mar 11 13:35:22 +0000 2017,1.49E+12, sniffing vicodin in paris  blackbear,  vicodin,7.95E+17, DeezyFbaby10, ill ride the wave where it takes me,0,0,284, Defiance: OH, None
634,8.41E+17, Sat Mar 11 15:35:29 +0000 2017,1.49E+12, sniffing vicodin in paris is such a good song end me,  vicodin,4265777391, futillifu, tate is the name  crying is the game ,0,0,265,  Üƒ_he/him, None
651,8.41E+17, Sat Mar 11 17:11:06 +0000 2017,1.49E+12, we can do what you want tonight baby amp its all on me  we can take vicodin tonight baby  amp its all on me ,  vicodin,71130710, SlickV_, closet like carrie  money like big lifegoals,0,0,258, That Way , None
741,8.41E+17, Sat Mar 11 20:51:23 +0000 2017,1.49E+12, my dad gave me a vicodin  whats poppin ,  vicodin,7.80E+17, hiramiras, no more use for me  huh || @hardsnake,0,0,89, intp äó¢ true neutral äó¢ ä»Š , None
742,8.41E+17, Sat Mar 11 20:51:39 +0000 2017,1.49E+12, a whole vicodin,  vicodin,7.80E+17, hiramiras, no more use for me  huh || @hardsnake,0,0,89, intp äó¢ true neutral äó¢ ä»Š , None
744,8.41E+17, Sat Mar 11 20:52:55 +0000 2017,1.49E+12, it easnt actually a whole vicodin it washalf of a vicodin but he cant even take them because they make him stoned and hes like twice my size,  vicodin,7.80E+17, hiramiras, no more use for me  huh || @hardsnake,0,0,89, intp äó¢ true neutral äó¢ ä»Š , None
752,8.41E+17, Sat Mar 11 21:33:52 +0000 2017,1.49E+12, sniffing vicodin i  paris just cane on and i davbed so harf,  vicodin,4265777391, futillifu, tate is the name  crying is the game ,0,0,267,  Üƒ_he/him, None
760,8.41E+17, Sat Mar 11 22:28:02 +0000 2017,1.49E+12, it might be the vicodin im taking for my back  but i just watched a 30 minute video about cats falling and cant stop laughing,  vicodin,292704468, marykatezinn, 23live by the sunlove by the moon centralmichiganuniversityalum,0,0,394, Michigan, None
763,8.41E+17, Sat Mar 11 22:45:38 +0000 2017,1.49E+12, when youre high on vicodin ,  vicodin,7.80E+17, hiramiras, no more use for me  huh || @hardsnake,0,0,89, intp äó¢ true neutral äó¢ ä»Š , None
898,8.41E+17, Sun Mar 12 08:37:22 +0000 2017,1.49E+12, i didnt know vicodin made you not so sleepy .,  vicodin,890050603, NagisaRodriguez, i had a dream i could buy my way to heaven. when i awoke  i spent that on a necklace.,0,0,634, Seattle, None
915,8.41E+17, Sun Mar 12 12:24:09 +0000 2017,1.49E+12, all my bitches takin vicodin huffin nitrogen,  vicodin,318795751, AaronHuncho, sensational,0,0,519, Detroit, None
1106,8.41E+17, Mon Mar 13 03:16:23 +0000 2017,1.49E+12, if you give a dog a vicodin ,  vicodin,1613919042, chloe_durand_, in the process of becoming swole.,0,0,485, Herndon: VA, None
1333,8.41E+17, Mon Mar 13 19:25:21 +0000 2017,1.49E+12, sniffin vicodin in paris  blackbear omgsjdksk such a good song i dont even know the point but bitch i literal ,  vicodin,2936471902, sighjaida, baby you are so money,0,0,136, pam leallah pey, None
1420,8.41E+17, Mon Mar 13 23:36:37 +0000 2017,1.49E+12, @kvox had a spill last week due to slippery rocks on a trail in maui. had to take vicodin to get home. this might be related.,  vicodin,12354252, nilofer, recovering appletech exec @scubusiness faculty fellow  @martinprosperit. 2xauthor socialera. winner @thinkers50 2013 future thinker award. speaker.,0,0,1507, Silicon Valley: CA, None
1470,8.41E+17, Tue Mar 14 01:25:07 +0000 2017,1.49E+12, @mogotruax i told u got that vicodin 10 a pill got 7 left ill throw u in a friend discount hmu  ,  vicodin,632451246, lisaheffernanxx, north olmsted 17,0,0,313, None, None
1596,8.42E+17, Tue Mar 14 04:03:08 +0000 2017,1.49E+12, snorts vicodin i feel like paris hilton,  vicodin,197501118, emlandass, in love with the moon,0,0,125, None, None
1640,8.42E+17, Tue Mar 14 07:25:10 +0000 2017,1.49E+12, pops vicodin..goes against every and any hospital policy..occasionally says everybody lies..hookers are normal   explainashowtoa5yearold,  vicodin,248995182, JustinStCloud, man of god  amateur writer  sports junky ,0,0,175, On Cloud 9/San Diego, None
1673,8.42E+17, Tue Mar 14 13:22:51 +0000 2017,1.49E+12, aw guys its the day i was high on vicodin from my tooth extraction and i went on a huge waffle maker rant  ,  vicodin,34415216, kotngotn, hello im sarah i like poetry and alcohol,0,0,435, Akron: OH, None
1688,8.42E+17, Tue Mar 14 14:44:56 +0000 2017,1.49E+12, sniffing vicodin blackbear ,  vicodin,7.31E+17, kippy_bippy, none,0,0,77, None, None
1747,8.42E+17, Tue Mar 14 17:59:40 +0000 2017,1.49E+12, this vicodin really tryna make me fall asleep while the professor staring right at me. i pinched my thigh rly hard just to stay awake,  vicodin,177407520, isaypwnsj00, none,0,0,139, california, None
1807,8.42E+17, Tue Mar 14 21:11:31 +0000 2017,1.49E+12, steep hills of vicodin tears,  vicodin,7.69E+17, karlsjayy, do ya own thaang lul flower ,0,0,173, San Diego: CA, None
1830,8.42E+17, Tue Mar 14 22:52:14 +0000 2017,1.49E+12, hot coco  pudding and vicodin is on the menu for dinner tonight,  vicodin,2956095319, 730hazmat, hell is not real freejupiternitro,0,0,65, underworld philly, None
1914,8.42E+17, Wed Mar 15 02:11:18 +0000 2017,1.49E+12, sniffing vicodin in paris never felt so euphoric yeahhhhhhhhhhh,  vicodin,4416690148, Itss_Aubreyana, aint no way,0,0,1678, Justlovecoffee, None
45,8.42E+17, Wed Mar 15 18:16:12 +0000 2017,1.49E+12, sniffing vicodin in paris never felt so euphoric,  vicodin,412525680, rjpindervevo, none,0,0,335, None, None
57,8.42E+17, Wed Mar 15 18:50:44 +0000 2017,1.49E+12, you know what sickens me false advertising no woman ever smiles during a lazer appointment unless shes on vicodin ,  vicodin,244304292, alexvilins, whats living if you cant pull down your shorts and slide down the ice,0,0,122, None, None
115,8.42E+17, Wed Mar 15 21:01:43 +0000 2017,1.49E+12, i slept for so long holy fuck  i woke up with 0 meds in my system and omg ouch so glad for vicodin right now. ,  vicodin,2371532695, MySkylarRaye, 24 instahttpinstagram.commyskylarraye7 cam model  see pinned tweet for latest news. skylarjonesmfc@gmail.com wishlist,0,0,554, None, None
220,8.42E+17, Thu Mar 16 00:45:33 +0000 2017,1.49E+12, so i realize why ive been so sleepy and my workouts have been so trash the last two days. im on extra strength vicodin.,  vicodin,270114854, QuickTempa, if you dont like me fight me. boxer. certified personal trainer. armyvet. i date 2 women @ayannacapsalot  @jamielhaggarty  ,0,0,2106, Texas  äìš¥Ÿ Washington, None
290,8.42E+17, Thu Mar 16 02:51:55 +0000 2017,1.49E+12, ran out of percs now im back on dat vicodin ,  vicodin,727531722, XDubbCee, sluttyboyz  stoner  ig pluggedout 757  brooklyn to virginia  snapchat  doeyerp07,0,0,2066, Portsmouth: VA, None
310,8.42E+17, Thu Mar 16 03:57:26 +0000 2017,1.49E+12, lets pop up some vicodin,  vicodin,751997677, G0dspeed___, time,0,0,203,616, None
319,8.42E+17, Thu Mar 16 04:42:19 +0000 2017,1.49E+12, sniffin vicodin in paris  never felt so euphoric  baby,  vicodin,1961374470, PazosJosuaj, if jah is for me tell me whom i gon fear  wa 631 147 2464,0,0,224, Black River Falls, None
569,8.42E+17, Thu Mar 16 20:56:59 +0000 2017,1.49E+12, im on vicodin right now  so im liable to start talking about walt disney,  vicodin,899024593, teddymackerel, student  musician  artist  purveyor of fine smoked fish,0,0,645, Cary: NC, None
765,8.43E+17, Fri Mar 17 04:38:41 +0000 2017,1.49E+12, im trying to avoid taking vicodin  hydrocodene or any of that shit but it looks like i might have to ,  vicodin,84010162, ewaimee, seattle. 21. ,0,0,921, Seattle/Redmond, None
871,8.43E+17, Fri Mar 17 13:17:35 +0000 2017,1.49E+12, @mystiann not sure if mixing vicodin and booze is the best idea  but youre the medical professional ...,  vicodin,172463280, charliecushing, broadcast technician working for anyone that wants to pay me.,0,0,652, Minneapolis: Minnesota, None
894,8.43E+17, Fri Mar 17 14:23:46 +0000 2017,1.49E+12, my st. patricks day. green jello and ice cold ensure... and vicodin so it aint all bad. ,  vicodin,4858110177, MikeBellATL, cohost of @dukesandbell929 weekdays 27. sports  shenanigans. falcons  atl united season tickets. fsu booster  chelsea  ferrari f1 fan.,0,0,181, Atlanta: GA, None
970,8.43E+17, Fri Mar 17 18:38:15 +0000 2017,1.49E+12, i need vicodin before i rip all my teeth out with my bare hands,  vicodin,719252998, GIVNNVPHXLLXPS, philadelphia tattooer  seven swords tattoo co. giannaphillipsbooking@gmail.com,0,0,652, NORF PHILLY, None
986,8.43E+17, Fri Mar 17 19:26:00 +0000 2017,1.49E+12, i really dont like vicodin,  vicodin,46253090, larissadishman, nationally qualified npc bikini snapchat larissadishman bpi sports use code larissadi.  ohio,0,0,258, UofA, None
1082,8.43E+17, Sat Mar 18 01:06:09 +0000 2017,1.49E+12, somehow having a prescription for your vicodin that youre abusing makes it okay,  vicodin,336625063, urlocalmarxist, spends too much on car parts,0,0,418, Landen: OH, None
1115,8.43E+17, Sat Mar 18 02:39:26 +0000 2017,1.49E+12, sniffin vicodin in paris never felt so euphoric,  vicodin,1031514289, clair1bearr, vincent van gogh | not really a traplord | hipsab | bass enthusiast,0,0,2400, at the rail, None
1142,8.43E+17, Sat Mar 18 04:32:32 +0000 2017,1.49E+12, god bless the vicodin i found in my car  im about to be numb as fuck to the world ,  vicodin,2644515113, MelissaNeudeck, find what you love and let it kill you.,0,0,86, Mighty Taco , None
1148,8.43E+17, Sat Mar 18 05:20:23 +0000 2017,1.49E+12, when vicodin makes you itch like you just ran through a forrest full of poison ivy ltltlt ,  vicodin,384076395, NamasteBxtchess, a great future doesnt require a great past. ,0,0,139, Bourbonnais: Ilinois , None
1286,8.43E+17, Sat Mar 18 19:45:50 +0000 2017,1.49E+12, the only perk of my spring break is the amount of vicodin im going to be on in two days ,  vicodin,38852625, m_DeGennaro, those who choose profits over the environment drew the pontiffs ire,0,0,331, None, None
1339,8.43E+17, Sat Mar 18 23:10:07 +0000 2017,1.49E+12, bought a leia minifig  had an encounter with carey elwes  drank vodka  crashed a star wars panel  scored some vicodin  now for @geekshow,  vicodin,370354789, JPDorieux, eagle scout.,0,0,524, Salt Lake City., None
1403,8.43E+17, Sun Mar 19 03:02:49 +0000 2017,1.49E+12, took a couple vicodin started feeling amazing,  vicodin,173909864, _ashhhlay, flyhighdave gsu to uwg. namaste. water ,0,0,1189, eastside, None
1637,8.44E+17, Sun Mar 19 23:52:31 +0000 2017,1.49E+12, no house dont do it dont take the vicodin ,  vicodin,163529968, JLFHx, thelessyouknowthebetter,0,0,448, Manhattan: NY, None
1666,8.44E+17, Mon Mar 20 01:19:06 +0000 2017,1.49E+12, i have 4 sets of stitches in my mouth  mom has a dislocated wrist and is in a sling  and were both high on vicodin. springbreak,  vicodin,909848371, Jxssxcalxnn, from my rotting body  flowers shall grow  and i am in them  and that is eternity.,0,0,462, Mesa: AZ, None
1676,8.44E+17, Mon Mar 20 01:45:42 +0000 2017,1.49E+12, we can take vicodin tonite baby ,  vicodin,364435240, Loso_Ant, none,0,0,46, Philadelphia: PA, None
1973,8.44E+17, Tue Mar 21 01:47:18 +0000 2017,1.49E+12, try its kids vicodins and flintstones vitamins get stoned and go and lie about your righteousness,  vicodin,3250352960, vantxge, cud life | ame photog,0,0,199, rrtx/atx , None
2032,8.44E+17, Tue Mar 21 03:42:51 +0000 2017,1.49E+12, worked a double  back was killing me. took some vicodin  smoked a blunt amp im feelin right.  glad doing doubles is over w for now. ,  vicodin,384076395, NamasteBxtchess, a great future doesnt require a great past. ,0,0,139, Bourbonnais: Ilinois , None
2079,8.44E+17, Tue Mar 21 07:04:26 +0000 2017,1.49E+12, bitch im off 5 vicodins,  vicodin,2363476224, aliciaboochie, none,0,0,977, None, None
2177,8.44E+17, Tue Mar 21 17:11:16 +0000 2017,1.49E+12, i still feel like garbage but at least i have vicodin and muscle relaxers,  vicodin,536066736, buckvuus, multifandom nonbinary person or something like that.   chronically ill and mostly happy.,0,0,933, they / them, None
2332,8.44E+17, Wed Mar 22 03:37:06 +0000 2017,1.49E+12, we can take vicodin at night  baby,  vicodin,1343308885, gabechef, wow  they really keep letting me post this shit blm nodapl istandwithpp,0,0,508, Kansas City: MO, None
2493,8.45E+17, Wed Mar 22 18:12:50 +0000 2017,1.49E+12, im alive  and holding a vicodin prescription.,  vicodin,448405791, morganzetajones, aspiring agent of change. hair by halle.,0,0,1319, Boston: MA, None
5,8.45E+17, Wed Mar 22 18:39:23 +0000 2017,1.49E+12, doc gave me vicodin and im still dying,  vicodin,703838166, goldenlvngz, daygo bred aries angel  rip flipdank | goldensuicide | goldsoulsyd@gmail.com for bookings,0,0,861, sd, None
56,8.45E+17, Wed Mar 22 21:35:11 +0000 2017,1.49E+12, sniffin vicodin in paris never felt so euphoric,  vicodin,2263519315, JoeSpreck, nothing like the rain when youre in outer space,0,0,945, St Louis: MO, None
96,8.45E+17, Wed Mar 22 23:21:44 +0000 2017,1.49E+12, even on vicodin my butt is still sore from yesterdays squats,  vicodin,1613919042, chloe_durand_, in the process of becoming swole.,0,0,488, Herndon: VA, None
123,8.45E+17, Thu Mar 23 00:57:05 +0000 2017,1.49E+12, happy birthday  my queen. next time i meet you i wont be high on vicodin and have gauze in my mouth. @tyleroakley,  vicodin,301212991, tallerhollar, fighting gangs for local charities                                                                                                                    snowflake,0,0,721, Seattle: WA, None
189,8.45E+17, Thu Mar 23 04:00:23 +0000 2017,1.49E+12, @cactuspat other than the vicodin addiction lol,  vicodin,405250913, Cactus_Pat, umaine,0,0,175, None, None
206,8.45E+17, Thu Mar 23 06:05:59 +0000 2017,1.49E+12, former wrestler after breaking his neck i went home took 1 vicodin amp i was hooked in few months i was taking 65 vicodin tabs a day no liver,  vicodin,61305785, Delta33_1976, conservative veteran picture is my son matt  usmc i was us army  have 2 sons that were usmc national pain foundation  advocate  cyber investigationsresearch,0,0,390, CranberryTownship PA, None
413,8.45E+17, Thu Mar 23 21:51:48 +0000 2017,1.49E+12, quite possibly the most extra tweet i have ever posted in my life. stay tuned because this is just one vicodin in. xoxo,  vicodin,539689013, FreeRange_Wifi, designer @theclub  formerly @school  fed up since 1991,0,0,808, None, None
414,8.45E+17, Thu Mar 23 21:53:27 +0000 2017,1.49E+12, right now im putting my head in the oven swallowing 33 vicodin drinking scotch and trying to not pay attention to ,  vicodin,1917092376, missouri_in, gr8 gr8boomer soonersometimes you just gotta hang a half a hundred,0,0,2635, Missouri: USA:Duncan:Ok, None
451,8.45E+17, Fri Mar 24 00:20:43 +0000 2017,1.49E+12, sniffing vicodin in paris never felt so euphoric,  vicodin,3343620233, CourtDun10, none,0,0,74, None, None
462,8.45E+17, Fri Mar 24 01:06:06 +0000 2017,1.49E+12, patsy ramseys vicodin storytelling is one of my favorite things ,  vicodin,21521206, stephnz, best poet of baltimore 16  mfa @americanu  west branch  prairie schooner  quarterly west  madonna  libra  pop  horror  caligulas playhouse out now,0,0,2146, Agartha , None
547,8.45E+17, Fri Mar 24 06:17:20 +0000 2017,1.49E+12, @ everyone who had to see me today. sorry for being a bitch. i ran out of vicodin.,  vicodin,2777654078, princessjewball, i was hot in middle school. now im dead inside. scprincessjballs,0,0,476, Aberdeen: WA, None
551,8.45E+17, Fri Mar 24 06:39:45 +0000 2017,1.49E+12, @iamblackbear last winter was the coldest and you know you still important   me sniffing vicodin in paris never ,  vicodin,1031514289, clair1bearr, vincent van gogh | not really a traplord | hipsab | bass enthusiast,0,0,2417, at the rail, None
560,8.45E+17, Fri Mar 24 07:48:46 +0000 2017,1.49E+12, can i take a vicodin for cramps cause holy shit ,  vicodin,7.76E+17, samantha7walter, german shepherd and mastiff mom || snapchat samwalter23 || marketing at rsc || andy sutter2010,0,0,308, Celina: OH, None
785,8.45E+17, Fri Mar 24 22:13:04 +0000 2017,1.49E+12, just popped 10 vicodin pills..... hopefully i die today ,  vicodin,276745991, PRAISEYEEZUSS, coke hoe,0,0,2049, Santa Clarita: CA, None
814,8.45E+17, Fri Mar 24 23:46:21 +0000 2017,1.49E+12, i got vicodin til i die lol,  vicodin,703838166, goldenlvngz, daygo bred aries angel  rip flipdank | goldensuicide | goldsoulsyd@gmail.com for bookings,0,0,862, sd, None
826,8.45E+17, Sat Mar 25 00:23:41 +0000 2017,1.49E+12, he was very calm today. im guessing it was valium or vicodin.,  vicodin,8.19E+17, FrankDiElsi1, actorwriterformer dialogue coach on columbo,0,0,180, United States, None
858,8.45E+17, Sat Mar 25 02:01:08 +0000 2017,1.49E+12, they just gave me vicodin yas,  vicodin,516014398, xoxox_katt, none,0,0,372, Las Vegas: NV, None
915,8.46E+17, Sat Mar 25 06:11:52 +0000 2017,1.49E+12, i started sleeping again. traded late nights and sheep for vicodin. the guilt burning in my chest set in. i started sleeping again.,  vicodin,19118239, Smara522, i love the things you have to pay for that knock you down and make you dizzy. just waiting for barry allen to come and rescue me.,0,0,1215, Figuring it out, None
987,8.46E+17, Sat Mar 25 17:11:45 +0000 2017,1.49E+12, those vicodin pills got me feeling soooooo sick,  vicodin,276745991, PRAISEYEEZUSS, coke hoe,0,0,2049, Santa Clarita: CA, None
1043,8.46E+17, Sat Mar 25 21:02:57 +0000 2017,1.49E+12, im so high i took a klonopin and a vicodin lmao,  vicodin,7.93E+17, ixh8xyouxall, i wear my scars like the rings on a pimp,0,0,29, god's bathroom floor, None
1126,8.46E+17, Sun Mar 26 03:29:10 +0000 2017,1.49E+12, my nurse is the best she crushed my vicodin into my pudding because she knows its been hard to pass anything down  bless her,  vicodin,36747969, ViaIris, 26|txokc|oddities| @youngxcolumbine |anime titties|ambivert instagram malamujertx snapchat viairis,0,0,2220, Texas & Oklahoma, None
1151,8.46E+17, Sun Mar 26 05:05:24 +0000 2017,1.49E+12, that vicodin got me feeling high,  vicodin,250014267, AshleyAnn_Marie, cali bornraised but new orleans 504 at . i pray the lord keeps her strong when the devil is trying to break her.,0,0,311, Downey: Ca, None
1176,8.46E+17, Sun Mar 26 08:16:01 +0000 2017,1.49E+12, i took a vicodin and want someone to come beat me up,  vicodin,135153863, ULTRASLUT, 100 real emotion,0,0,835, None, None
1194,8.46E+17, Sun Mar 26 13:09:48 +0000 2017,1.49E+12, my exfianc bleached her hair blonde right before hung herself broad daylight.   she was obsessed with xanax  vicodin and kurt cobain.,  vicodin,7.74E+17, Worshipofflesh, anaconda aficionado  artist  bornstar  buyer  designer  marketing mvp  ogmf  wallstreet regulator  nwo leader  and the vision   made in the usa,0,0,162, Los Angeles: CA USA, None
1270,8.46E+17, Sun Mar 26 18:05:00 +0000 2017,1.49E+12, my exfianc bleached her hair right before she hung herself in broad daylight.  she was obsessed with xanax  vicodin and kurt cobain.,  vicodin,7.74E+17, Worshipofflesh, anaconda aficionado  artist  bornstar  buyer  designer  marketing mvp  ogmf  wallstreet regulator  nwo leader  and the vision   made in the usa,0,0,162, Los Angeles: CA USA, None
1353,8.46E+17, Sun Mar 26 22:27:43 +0000 2017,1.49E+12, my pops just got me td up with these vicodins. i hate pills.,  vicodin,464764704, CodyJohnstonMS, manifest destiny @austindeadsox sccodyjohnstonms,0,0,446, Texas: USA, None
1404,8.46E+17, Mon Mar 27 00:58:21 +0000 2017,1.49E+12, she used to kiss the vicodin of my lips,  vicodin,607525269, JayDagny, hot sauce enthusiast  libertarian  looking for a dextrose descendant,0,0,390, Recovery, None
1405,8.46E+17, Mon Mar 27 00:58:39 +0000 2017,1.49E+12, she used to kiss the vicodin off my lips,  vicodin,607525269, JayDagny, hot sauce enthusiast  libertarian  looking for a dextrose descendant,0,0,390, Recovery, None
1459,8.46E+17, Mon Mar 27 03:59:17 +0000 2017,1.49E+12, minnesota with these vicodings.,  vicodin,783108402, CZOGotBeats, producer|engineer| @migos @daflippaman @pookhefner @souljaboy @lilbthebasedgod @charlieboygang @biancaclarke251 @udaypulla | audiometh czogotbeats@gmail.com,0,0,6885, Atlanta: GA, None
1648,8.46E+17, Mon Mar 27 19:18:14 +0000 2017,1.49E+12, the moment they prescribe vicodin is when you know its real ,  vicodin,2198595712, perezGonzalo25, scorpio,0,0,227, Miami FL, None
1665,8.46E+17, Mon Mar 27 20:13:56 +0000 2017,1.49E+12, they gave me vicodin my recovery is awesome lololol but thank u love ,  vicodin,419920271, thatgirl_ninaa, metal as fuck  i love my little bby emz,0,0,841, Sunrise: FL, None
1680,8.46E+17, Mon Mar 27 21:09:28 +0000 2017,1.49E+12, rappin  trappin  trippin cid  sniffing glue and chewing vicodin  @chancetherapper,  vicodin,411254926, GODS____FATHER,47,0,0,400, Falmouth: MA, None
1785,8.47E+17, Tue Mar 28 02:10:00 +0000 2017,1.49E+12, i dont care who you are  dont tell me you dont like vicodin.,  vicodin,285245330, saraimiranda1, drugs please.,0,0,185, None, None
1786,8.47E+17, Tue Mar 28 02:10:40 +0000 2017,1.49E+12, sniffing vicodin in paris never felt so euphoric,  vicodin,2477609342, skayla915, photographer  | add me on instagram to see my work kjphotos19 ,0,0,610, None, None
1813,8.47E+17, Tue Mar 28 03:26:05 +0000 2017,1.49E+12, i dont understand how this vicodin is giving me a headache ,  vicodin,390878774, ill3st23, raidernation,0,0,194, East Side Josie, None
1814,8.47E+17, Tue Mar 28 03:26:45 +0000 2017,1.49E+12, i dont understand why this vicodin is giving me a headache ,  vicodin,390878774, ill3st23, raidernation,0,0,194, East Side Josie, None
1885,8.47E+17, Tue Mar 28 11:27:33 +0000 2017,1.49E+12, wanna pop some vicodin today but cha boy work at 10 tonight,  vicodin,1569667267, LayinDaSmackDwn, none,0,0,126, None, None
2125,8.47E+17, Tue Mar 28 22:40:29 +0000 2017,1.49E+12, the cure for loneliness.   the prisoner vicodin edition available in store.  theprisoner ,  vicodin,49418435, popmonster, art toy and pop culture store 310 3258686,0,0,80, Torrance: CA, {'coordinates': [33.80351: -118.32764]: 'type': 'Point'}
2128,8.47E+17, Tue Mar 28 22:43:54 +0000 2017,1.49E+12, spending more than 5 minutes with my family makes me want to take multiple vicodin,  vicodin,1573291471, hunter_spragg, sc hunterbailey22 | bphs 17,0,0,2235, Pittsburgh: PA, None
2136,8.47E+17, Tue Mar 28 23:28:41 +0000 2017,1.49E+12, sniffin vicodin in paris never felt to euphoric,  vicodin,1529873796, MarinaJorg, sou junior  check out our youtube channel,0,0,454, None, None
2148,8.47E+17, Tue Mar 28 23:51:43 +0000 2017,1.49E+12, @1800ilikemike vicodin isnt helping him much ,  vicodin,633372806, memorie_holiday, head mistress of @rldatsdn   mycology fangirl  wife to @jeffhollandaise  retired hitchhiker,0,0,176, Kekistan, None
2151,8.47E+17, Wed Mar 29 00:02:32 +0000 2017,1.49E+12, sniffin vicodin in paris never felt so euphoric,  vicodin,1242838652, yulizaaaaaaaa, i am not a tsunami,0,0,98, colorado , None
2264,8.47E+17, Wed Mar 29 06:11:54 +0000 2017,1.49E+12, when i said i treat the music like vicodin i meant it whole heartedly,  vicodin,2771566896, Apo11oTONE, muse17... mgmtlilliston.music@gmail.com,0,0,289, Charlotte: NC, None
2281,8.47E+17, Wed Mar 29 08:11:53 +0000 2017,1.49E+12, sniffing vicodin in paris never felt so euphoric,  vicodin,604184708, captain_megmeg, zwanzig20 im with the sleeze check out my youtube  i do hair  @bangsbymeg on insta,0,0,1491, illinois, None
2336,8.47E+17, Wed Mar 29 13:05:06 +0000 2017,1.49E+12, @calculatingmind i came to her  sobbing  having taken 8 vicodin  said i had never been happy amp maybe i should go to the hospital,  vicodin,1281967752, meggy_head, storyteller  writer and researcher extraordinaire.,0,0,140, None, None
2488,8.47E+17, Wed Mar 29 17:27:59 +0000 2017,1.49E+12, sniffin vicodin in paris never felt so euphoric,  vicodin,596357559, laurrsssss, 18  az  ass  class,0,0,419, shit happens, None
2519,8.47E+17, Wed Mar 29 18:21:34 +0000 2017,1.49E+12, just found out house is back in vicodin smh so disappointed ,  vicodin,1523999155, _anthonyhdz, 20. monterrey  nuevo len  houston texas. welder. rigger in the making. refinery life  . ig itz.anthonynl  itshernandez23,0,0,416, Denver Harbor: Texas, None
2520,8.47E+17, Wed Mar 29 18:22:08 +0000 2017,1.49E+12, just found out house is back on vicodin smh so disappointed ,  vicodin,1523999155, _anthonyhdz, 20. monterrey  nuevo len  houston texas. welder. rigger in the making. refinery life  . ig itz.anthonynl  itshernandez23,0,0,416, Denver Harbor: Texas, None
2777,8.47E+17, Thu Mar 30 01:09:46 +0000 2017,1.49E+12, i will take your left over vicodin out of your medicine cabinet and show you how to dispose of it properly. tucker @tuckercarlson,  vicodin,256224404, BYounger13, flex up la flex up radio on dash radio luxury soul apparel antiestablishment  ,0,0,418, Whittier: CA, None
2780,8.47E+17, Thu Mar 30 01:10:35 +0000 2017,1.49E+12, hillary mustve taken some tequila shots or had some injections of vicodin. she is a crazed lunatic. ,  vicodin,3269366196, faye_zep, follow your bliss,0,0,268, Texas: USA, None
2867,8.47E+17, Thu Mar 30 02:52:48 +0000 2017,1.49E+12, my mom made me take two vicodin instead of one amp now i cant feel my body,  vicodin,2279841006, theoliviawright, you know youre my saving grace,0,0,961, far far away, None
2918,8.47E+17, Thu Mar 30 04:57:50 +0000 2017,1.49E+12, arent we all on vicodin ,  vicodin,1614449065, JocieAlexis, |  i love jello |,0,0,382, Shorewood: IL, None
2935,8.47E+17, Thu Mar 30 06:13:19 +0000 2017,1.49E+12, we can do exactly what you like  baby and its all on me we can take vicodin tonight  baby its all on me,  vicodin,1118417136, caitlintdavis, loser who puts her whole life on video for the internet igsnap  caitlintdavis ,0,0,581, Bay Area, None
2936,8.47E+17, Thu Mar 30 06:13:52 +0000 2017,1.49E+12, we can do exactly what you like baby and its all on me we can take vicodin tonight  baby its all on me,  vicodin,1118417136, caitlintdavis, loser who puts her whole life on video for the internet igsnap  caitlintdavis ,0,0,581, Bay Area, None
3229,8.48E+17, Thu Mar 30 21:12:03 +0000 2017,1.49E+12, i have too much stuff to do today to be all messed up on vicodin after this,  vicodin,335411526, lucas_wade13, shsu19unt19 aspiring sports and the biggest cowboys fan youll ever meet. family comes first. improvingdaily dcfl mffl,0,0,320, denton/huntsville, None
3230,8.48E+17, Thu Mar 30 21:13:22 +0000 2017,1.49E+12, @apredatorposing i need more than vicodin,  vicodin,20291202, rckchkhwk, gamer. geek. andy reid lookalike. fan of star wars  comics  jayhawks  royals  chiefs  dachshunds  funko pops  disney,0,0,1242, Kansas, None
3297,8.48E+17, Thu Mar 30 23:31:27 +0000 2017,1.49E+12, ice cream and a side of vicodin,  vicodin,3973761616, BenMathias12, will ferrell impersonator,0,0,425, The Tennis Courts, None
3326,8.48E+17, Fri Mar 31 00:40:45 +0000 2017,1.49E+12, who knew vicodin would make me feel so good ,  vicodin,2198595712, perezGonzalo25, scorpio,0,0,230, Miami FL, None
3330,8.48E+17, Fri Mar 31 00:57:51 +0000 2017,1.49E+12, dr. mario the type of dude to write himself a script for vicodin,  vicodin,1263401168, Aaron4Casey, uno    lil miss omaha 2004 runner up,0,0,587, wincing the night away, None
3336,8.48E+17, Fri Mar 31 01:24:54 +0000 2017,1.49E+12, sniffing vicodin never felt so euphoric ,  vicodin,2692670736, HateRicardo, from a small city and i write music.. inquiries hatericardomusic@gmail.com,0,0,265, Seguin: TX / Houston: TX, None
3343,8.48E+17, Fri Mar 31 01:47:55 +0000 2017,1.49E+12, im in a really good mood but i think its because im on prescribed vicodin for my wisdom teeth ,  vicodin,2863373173, MANGO_____TANGO, gaybye,0,0,104, None, None
3382,8.48E+17, Fri Mar 31 03:34:44 +0000 2017,1.49E+12, i wouldve just taken the vicodin,  vicodin,2920939933, rafa_backintown, none,0,0,800, None, None
3729,8.48E+17, Sat Apr 01 01:10:08 +0000 2017,1.49E+12, who got vicodin ,  vicodin,7.10E+17, FaZeNug, none,0,0,153,713, None
3744,8.48E+17, Sat Apr 01 01:59:02 +0000 2017,1.49E+12, @ghoulette27 scotch. vicodin. repeat.,  vicodin,22049098, WubsNet, got scotch,0,0,537, Ra-cha-cha NY , None
3885,8.48E+17, Sat Apr 01 16:24:10 +0000 2017,1.49E+12, this is a fair point. ive had 2 rx for vicodin  both times i got 60 days worth. way too much ,  vicodin,14700303, LynnEllison, theatre lover  tv junkie  student housing pro  mom to fur child  proud alabama alumna rolltide,0,0,549, Cleveland: OH, None
3903,8.48E+17, Sat Apr 01 17:56:25 +0000 2017,1.49E+12, these vicodins got me feeling goooood,  vicodin,357155852, deizararyannx3, 23. | matthew ray. | ginger. | dogs. | wine lover. | iced coffee. | totally lost in life.,0,0,519, Louisville: OH, None
3913,8.48E+17, Sat Apr 01 18:13:52 +0000 2017,1.49E+12, just arrived at rivet... the prisoner  vicodin edition figure by @lukechueh. limited stock ,  vicodin,14680619, RivetGallery, designer toy and art gallery and ramblings from the girl behind the counter,0,0,492, Columbus: OH, {'coordinates': [39.98684119: -83.00530037]: 'type': 'Point'}
3948,8.48E+17, Sat Apr 01 20:20:16 +0000 2017,1.49E+12, ive never had a histamine reaction to vicodin before  in fact i took one last night. today  itchy as hell everywhere after taking one.,  vicodin,2270376266, War_Kittens, clinical lab scientistscicommaskscience modexit gurumed science wonkbeen called dangerous  ive got that going for me  which is nicenonbinary sheher.,0,0,1478, Twin Cities: MN, None
3967,8.48E+17, Sat Apr 01 21:53:01 +0000 2017,1.49E+12, just took my first vicodin. it took me non functional to barely functional.,  vicodin,95591094, davidwraith, sex positive educator and activist.   cofounder of @sexpositivestl.   blacklivesmatter,0,0,1800, St. Louis, None
3982,8.48E+17, Sat Apr 01 22:54:47 +0000 2017,1.49E+12, just took my first vicodin. it took me from non functional to barely functional.,  vicodin,95591094, davidwraith, sex positive educator and activist.   cofounder of @sexpositivestl.   blacklivesmatter,0,0,1800, St. Louis, None
3989,8.48E+17, Sat Apr 01 23:25:20 +0000 2017,1.49E+12, all you need in life is vicodin and vodka,  vicodin,563004176, Scott_G97, 19  wvu  montani semper liberi  i work part time for nasa exploring uranus.  the beard can tickle sometimes.  single  ready to mingle.,0,0,340, None, None
4044,8.48E+17, Sun Apr 02 03:01:17 +0000 2017,1.49E+12, wait but in all seriousness  who hid half a vicodin under a frog knick knack at my home,  vicodin,74575034, Sam_Trimbruh, crazy in love with a twitterless nick rapko youcantletfearstealyourfunk,0,0,368, ur moms house, None
4229,8.49E+17, Sun Apr 02 21:18:37 +0000 2017,1.49E+12, this is an excellent story. still not sure how someone can take that many vicodin a day and still be alive. incredi ,  vicodin,20888654, swarheit, long ago sports writer lawyer wolverine 2x n.farmington raider lions season tix cancer survivor friend of the pod love slurpees  good tv   @jwarheit,0,0,2729, Royal Oak: Michigan, None
102,8.49E+17, Mon Apr 03 21:06:33 +0000 2017,1.49E+12, sniffin vicodin in paris never felt so euphoric,  vicodin,7.84E+17, eyeriey, ,0,0,641, Port St Lucie: FL, None
147,8.49E+17, Mon Apr 03 23:16:43 +0000 2017,1.49E+12, getting wisdoms pulled in 45 minutes  took the week off work for recovery. expect vicodin streams.,  vicodin,67158328, trap0xf, wonderswan freakarcade thunderdragon2  gunnail  ssf2x  markofthewolvesgamedev fire lancersystem engineer postsopinions my own,0,0,518, San Jose: California: USA, None
150,8.49E+17, Mon Apr 03 23:24:22 +0000 2017,1.49E+12, we can take vicodin tonight baby   future voice,  vicodin,2191536703, ALSTON2008, kill him and let his soul run wild alstonleewatson@icloud.com,0,0,391, Tribeca: Manhattan, None
246,8.49E+17, Tue Apr 04 04:54:50 +0000 2017,1.49E+12, @monkeyonstrike vicodin is the only cure for a colicky spirit baby. kappa,  vicodin,205377105, NicHankins, artist and certified bob ross instructor  love to paint and share my enthusiasm and passion for art with others. will travel for classes and demonstrations,0,0,128, None, None
255,8.49E+17, Tue Apr 04 06:55:45 +0000 2017,1.49E+12, @jakebmxer just in case you forgot .... vicodin is 6x stronger than codeine,  vicodin,887670092, Christina_8686, none,0,0,359, None, None
260,8.49E+17, Tue Apr 04 08:23:09 +0000 2017,1.49E+12, yooo who has some vicodin,  vicodin,2559355720, Machuca760_, cal state san bernardino,0,0,387, None, None
333,8.49E+17, Tue Apr 04 16:42:45 +0000 2017,1.49E+12, @@secpricemd @senatorburr @repmarkwalker @myuhc uhc will pay script for 431 10325 vicodin but not 1 opana er 30 day scam not safety,  vicodin,2241737358, GGTurfCommander, you will get all you want in life  if you help enough other people get what they want  zig ziglar,0,0,540, Kernersville NC, None
374,8.49E+17, Tue Apr 04 20:15:26 +0000 2017,1.49E+12, i take flintstones vicodin  connor,  vicodin,256235580, JudeHildum, film majorbassistdebaser,0,0,211, Lakewood: OH, None
379,8.49E+17, Tue Apr 04 20:28:35 +0000 2017,1.49E+12, @askauntieem1 when i had my teeth removed  i had to buy vicodins on the street bc the clinic that pulled my teeth ,  vicodin,372536288, mikeytheweasel, rtsfavs  my cat is probably playing with the mouse. istandwithpp resist,0,0,8563,217, None
530,8.49E+17, Wed Apr 05 03:36:04 +0000 2017,1.49E+12, lies. whoever wrote this has never been prescribed  vicodin  norco or oxycoden .. cuddling doesnt have shit on tho ,  vicodin,22182910, seta_ghrdghian, happiness is a mood not a destination  oth,0,0,208, None, None
585,8.50E+17, Wed Apr 05 11:09:41 +0000 2017,1.49E+12, ...3mm kidney stone. the doctor said it should pass on its own  and  prescribed vicodin for the pain  an antinausea drug  and a drug to...,  vicodin,232349502, nidhighe, queer trans  bi  geek  disabled  bipolar  libertarian marxist  writer  cineaste  genealogist  comic book fan  second life dj   seahawks fan. and more.,0,0,2273, Everett: WA, None
606,8.50E+17, Wed Apr 05 12:50:52 +0000 2017,1.49E+12, sniffing vicodin in paris never felt so euphoric,  vicodin,385788903, Ray_Dubb, 22. idgt on my tombstone please. httr,0,0,275, #FredVegas, None
673,8.50E+17, Wed Apr 05 17:24:06 +0000 2017,1.49E+12, this vicodin got me feelin so good ,  vicodin,1569667267, LayinDaSmackDwn, none,0,0,126, None, None
681,8.50E+17, Wed Apr 05 17:40:38 +0000 2017,1.49E+12, sniffing vicodin in paris never felt so euphoric,  vicodin,374897739, dejagoon, carpe diem,0,0,552, United States, None
870,8.50E+17, Thu Apr 06 00:15:18 +0000 2017,1.49E+12, @estherduh really i didnt think theyd give you vicodin  runs off to the er hahha  just kidding,  vicodin,36531426, dkmask, trying to stay sane in a mad  mad world. one scotch at a time.,0,0,255, Wyndemere's Parapet , None
1080,8.50E+17, Thu Apr 06 16:57:50 +0000 2017,1.49E+12, listen. you give em a percocet  two vicodin and a couple of beers  and the panties drop. its very nice. varsityblues tweeder,  vicodin,422619170, mayhemraftice, i only root for teams that rip your heart out,0,0,498, long island, None
1085,8.50E+17, Thu Apr 06 17:10:45 +0000 2017,1.49E+12, get dj some vicodin and get him out there.,  vicodin,52536504, ovo_pauly, peep my blog ,0,0,701, Athens: GA, None
1111,8.50E+17, Thu Apr 06 18:59:47 +0000 2017,1.49E+12, jk its vicodin but who cares,  vicodin,216723848, krystalparise, | 17 | ths varsity cheerleader | senior |,0,0,267, Chicago: IL, None
1143,8.50E+17, Thu Apr 06 20:34:28 +0000 2017,1.49E+12, i have to take it since i recently had nose surgery so dont think im an addict or illegally obtained them  but vicodin is nice...,  vicodin,344863445, AJGullotta, its ya boi  skinny penis  noel miller san diego state student loves the 49ers  sf giants snapchat @ajgullotta,0,0,2019, Carlsbad: CA, None
1152,8.50E+17, Thu Apr 06 20:53:55 +0000 2017,1.49E+12, re gastax. trusting @jerrybrowngov amp @cadem with more taxpayer  is like trusting an addict with more vicodin. @modbee @foxyonyourradio,  vicodin,595043400, JoshLWhitfield, waterford city council member  political consultant  heath flora rep  gpa podcast host. whs ad  girls bball coach. retired cavscout. loves god  usa  wife.,0,0,250, Waterford: CA, None
1183,8.50E+17, Thu Apr 06 22:57:44 +0000 2017,1.49E+12, sniffing vicodin in paris never felt so euphoric,  vicodin,47528842, LaurenNicole820, what was i thinking... the el bee chronicals  basshead,0,0,855, chicago, None
114,8.27E+17, Fri Feb 03 00:03:15 +0000 2017,1.49E+12, @sethhild it iswas easier to buy a gun with ammo than to get a refill of vicodin. i know personally....,  vicodin,3229597354, MarkDParris1, family nike sunshine sports sand surf fun frisbee motorcycles snapbacks pictures plano reapernation percussion gopro drums zildjian ,0,0,1177, Plano: IL, None
141,8.27E+17, Fri Feb 03 01:36:17 +0000 2017,1.49E+12, sniffing vicodin never felt so euphoric ,  vicodin,2654428232, InfectedByBands,  sickeningly sweet like honey  ||  || || || in love with poetry|| anime trash|| wtf is a music taste  i listen to whatever i want,0,0,496, Massachusetts: USA, None
142,8.27E+17, Fri Feb 03 01:37:03 +0000 2017,1.49E+12, sniffing vicodin in paris never felt so euphoric ,  vicodin,2654428232, InfectedByBands,  sickeningly sweet like honey  ||  || || || in love with poetry|| anime trash|| wtf is a music taste  i listen to whatever i want,0,0,496, Massachusetts: USA, None
167,8.27E+17, Fri Feb 03 03:11:02 +0000 2017,1.49E+12, i need a massage  an ice bath and maybe a vicodin to get over the muscles soreness from bjj and boxing over the last 2 days.....christ,  vicodin,33428130, HustlaOfCulture, the raw and unfiltered thoughts of actor and sports enthusiast patrick alred hastings. a renaissance man of the millenium.,0,0,824, Louisville: Kentucky, None
226,8.27E+17, Fri Feb 03 06:57:13 +0000 2017,1.49E+12, sniffing vicodin in paris never felt so euphoric,  vicodin,1542081337, breannaconkliin, do something youll end up regretting ,0,0,181, Arizona: USA, None
101,8.28E+17, Fri Feb 03 23:32:41 +0000 2017,1.49E+12, im on the percocet and vicodin. im adding up money not minus it...,  vicodin,604729025, Dat_Trigga, member of a no chill society. pretty average spacie main in ssbm. great fifa player. lifter  and rocket ship builder. loves the jags  lakers and gators. goat,0,0,463, Gainesville: Fl, None
114,8.28E+17, Sat Feb 04 00:25:57 +0000 2017,1.49E+12, when the vicodin  adderall  thc amp caffeine hit you all at once ,  vicodin,2156059267, beccahahaha, politicunt in luv w @idwdavidm  artist 21.         rip arie. ,0,0,286, I shot first , None
172,8.28E+17, Sat Feb 04 04:17:14 +0000 2017,1.49E+12, take a vicodin hangs up,  vicodin,2577162482, tiredasshole, buenas noches cockaroaches,0,0,157, 17/cctx/rhs, None
205,8.28E+17, Sat Feb 04 06:26:08 +0000 2017,1.49E+12, so stoked for this i was lucky enough to get the vicodin prisoner from dcon. i reaaallly hope i get one of these ,  vicodin,450840896, saradixxxon, mother of two. designer toy collector. art enthusiast. breastfeeder. attachment parenting. super punk rock mom.,0,0,496, None, None
208,8.28E+17, Sat Feb 04 06:49:15 +0000 2017,1.49E+12, thank god for vicodin ,  vicodin,634879118, SosaLove47, mommy  lover  questioner  half african  survivor  fibro warrior  smart ass,0,0,746, Corona: CA, None
224,8.28E+17, Sat Feb 04 08:19:07 +0000 2017,1.49E+12, i need vicodin. ofn. that would do the trick.,  vicodin,453346475, ASHAmerica_, and when hes figured out that hes been swindled...ill be cleaning that love bird shit up off my window.,0,0,1026, Xandyland, None
237,8.28E+17, Sat Feb 04 11:08:11 +0000 2017,1.49E+12, im so tempted to take my vicodin  thats how much my shoulder hurts ,  vicodin,371117774, stephramirez15, none,0,0,165, Claremont: California , None
247,8.28E+17, Sat Feb 04 12:59:47 +0000 2017,1.49E+12, @cspanwj i know a friend who takes 3 or 4 vicodin a day...says she cant do without them...i fear for her when her script comes to an end,  vicodin,22977419, IBtalking, i try to watch  and comment on washington journal  cspan at 6am central  every morning.,0,0,549, Bugscuffel Community AR, None
275,8.28E+17, Sat Feb 04 15:27:45 +0000 2017,1.49E+12, obamas chef brewed beer. sure it was a partial mash cream ale  but probably better than trumps recipe of grain alcohol  vicodin and blow.,  vicodin,16746658, bryehndotnet, im mostly a dad. i type words about beer  cider  soda  tea sometimes. i really enjoy cooking. i game fairly often  watch sports  swear a lot and i love music.,0,0,2049, Ottawa: Canada, None
303,8.28E+17, Sat Feb 04 17:19:38 +0000 2017,1.49E+12, @boigsnbeer can ur wife get me based vicodin plz,  vicodin,7.74E+17, poachimer, a great bird you,0,0,370, queens: nigga, None
365,8.28E+17, Sat Feb 04 21:20:28 +0000 2017,1.49E+12, just shoveled first load of corn of the year.  seriously thinking i need a vicodin.,  vicodin,214311015, ihuntghostscom, persistent  if untalented  radio host of paranormal filler  scarefest radio. i take the paranormal seriously. myself...not so much.,0,0,3418, Kentucky, None
473,8.28E+17, Sun Feb 05 04:38:32 +0000 2017,1.49E+12, my newest form of entertainment is taking vicodin and watching house.,  vicodin,384888670, jamievandervort, ur fav lil mouse girl,0,0,227, None, None
613,8.28E+17, Sun Feb 05 18:29:01 +0000 2017,1.49E+12, i cant wait to watch the super bowl with an empty stomach on vicodin in my freezing cold basement,  vicodin,559170450, broguydudebro, ,0,0,432, None, None
738,8.28E+17, Mon Feb 06 03:38:15 +0000 2017,1.49E+12, alright  wheres the fucking xanax and vicodin when i need them time to die.,  vicodin,2358447667, travisknoll, good vibes  positive thoughts. miss you  dad. 2296032414 ou 18. ,0,0,682, Sterling Heights: MI, None
747,8.28E+17, Mon Feb 06 04:15:49 +0000 2017,1.49E+12, life hack be ready to confront vexed expressions on your guests faces as you report you used to take 100 vicodin a day over dinner tonight,  vicodin,17764856, shelldash, my defense attorney said the less i say here the better.,0,0,2551, New York: NY, None
775,8.28E+17, Mon Feb 06 06:17:28 +0000 2017,1.49E+12, @senschumer did u take vicodin vicodin makes getting emotional easier. damn  u are really good. i see a movie roll. dinero couldnt do so,  vicodin,461344573, PapaPico619, portuguese american. pico is a island my parents imigrated from. found judah in usa. former zionist. children are gods property so protectem vivapalestina,0,0,2475, PSN-PapaPico619 XBLA-Pico619 , None
871,8.29E+17, Mon Feb 06 19:01:04 +0000 2017,1.49E+12, hammy finn having cramps...needs vicodin gh only has about five left,  vicodin,22049098, WubsNet, got scotch,0,0,516, Ra-cha-cha NY , None
885,8.29E+17, Mon Feb 06 19:41:54 +0000 2017,1.49E+12, finns chuggin vicodin.  brad catches him gh,  vicodin,22049098, WubsNet, got scotch,0,0,516, Ra-cha-cha NY , None
933,8.29E+17, Tue Feb 07 01:58:06 +0000 2017,1.49E+12, doctorthe infection wont get bad because we caught it early mewakes up with diminished hearing in right ear requires vicodin to not cry,  vicodin,770819593, CassidyIpsen, cassidy  21  wwu,0,0,129, None, None
934,8.29E+17, Tue Feb 07 01:58:18 +0000 2017,1.49E+12, only in america... he bruised his wrist  they perscribed all this 5325 vicodin  lol... ,  vicodin,3076191196, vaquxine, ceo  founder @compilex llc vaquxine@compilex.com ,0,0,172, None, None
1008,8.29E+17, Tue Feb 07 05:27:32 +0000 2017,1.49E+12, man  vicodin has my head completely messed up. im on bed rest but sweeping after i just mopped i need to lay down.,  vicodin,492836424, SammoneJohnson, tarleton statenursing. gemini. faithfully committed to jesus christ.,0,0,564, Houston to Stephenville: Texas, None
1027,8.29E+17, Tue Feb 07 07:09:11 +0000 2017,1.49E+12, this vicodin has me feeling really nice wooooo,  vicodin,7.85E+17, SubwaySurferACE, when life gives you lemons  just say fuck the lemons and bail.....dms always open to anyone who needs to talk or vent,0,0,558, NY--PA , None
1036,8.29E+17, Tue Feb 07 09:13:17 +0000 2017,1.49E+12, my shoulder hurts so much.  i may be popping a vicodin,  vicodin,394372741, sethdiaz_, you is kind. you is smart. you is important. @sierradiaz is my twin. sc sethdiazz ,0,0,759, Odessa: Tx - San Antonio: Tx, None
1037,8.29E+17, Tue Feb 07 09:14:24 +0000 2017,1.49E+12, my shoulder hurts so much.  i may be popping a vicodin reaaaaal soon. ,  vicodin,394372741, sethdiaz_, you is kind. you is smart. you is important. @sierradiaz is my twin. sc sethdiazz ,0,0,759, Odessa: Tx - San Antonio: Tx, None
1053,8.29E+17, Tue Feb 07 12:36:45 +0000 2017,1.49E+12, taking a vicodin on a empty stomach. slump coming soon.,  vicodin,332032678, Brionna__, washed | nsu,0,0,313, loitering, None
1064,8.29E+17, Tue Feb 07 13:40:34 +0000 2017,1.49E+12, these vicodin aint doing shit for me. time to hotbox my room ,  vicodin,1329562056, CuzzoYTN, my nigga just made bail  tell the good lord  we gonna raise hell. overcoming shit since 95. duo  @sconilife,0,0,214, Ohio: USA, None
1084,8.29E+17, Tue Feb 07 14:56:08 +0000 2017,1.49E+12, weed   intentionally. vicodin was prescribed and id never do that recreationally ,  vicodin,197071035, PeteyRawlins, god is better than the worlds best thing,0,0,238, Wanderlust: SC, None
51,8.29E+17, Tue Feb 07 20:31:03 +0000 2017,1.49E+12, i had to take a vicodin  two midol  and smoke just to feel okay. plus this tequila.,  vicodin,332032678, Brionna__, washed | nsu,0,0,313, loitering, None
116,8.29E+17, Tue Feb 07 23:49:08 +0000 2017,1.49E+12, i have had a migraine all day and the vicodin is working now and my filter is gone.,  vicodin,14798852, txnewsprincess, chief cook and bottle washer. did that thing that time that sometimes people remember. hates lima beans. i cuss a lot during college football season.,0,0,2685, Texas: USA, None
245,8.29E+17, Wed Feb 08 05:34:41 +0000 2017,1.49E+12, the last two times i was interviewed and got a job i was loaded on adderall and vicodin lmao am i a better person on drugs,  vicodin,338414323, patrickdh69, went to hollywood  failed hard,0,0,528, California/Denial, None
275,8.29E+17, Wed Feb 08 08:13:11 +0000 2017,1.49E+12, sniffin vicodin in paris never felt so euphoric,  vicodin,7.20E+17, OniDaddy, i just want chocolate milk and head ig keon.i ,0,0,179, Chipotle, None
366,8.29E+17, Wed Feb 08 16:18:58 +0000 2017,1.49E+12, woke up with severe back pain  popped a vicodin and im still in pain ,  vicodin,496020434, _apaynetweets, scsu 18 | corinthians 134 | oa 52816 ,0,0,486, Palm Desert: CA, None
508,8.29E+17, Thu Feb 09 00:00:29 +0000 2017,1.49E+12, hey  happy new year. do u know anyone i can buy vicodin from,  vicodin,277349396, alfonsoSamanR,420,0,0,98, D.F, None
596,8.30E+17, Thu Feb 09 04:31:21 +0000 2017,1.49E+12, yo. whoever made vicodin... bless ur freakin soul  my mouth feels amazing.,  vicodin,3346042758, wthgia, record scratch freeze frame,0,0,235, bay area: ca, None
651,8.30E+17, Thu Feb 09 09:38:41 +0000 2017,1.49E+12, when vicodin is your midnight snack. ,  vicodin,8803312, sleepriella, motional.,0,0,395, houtx., None
737,8.30E+17, Thu Feb 09 15:59:21 +0000 2017,1.49E+12, @juanabbe probably kicking a couple of vicodins every few hours to boot. just saying is all,  vicodin,7.50E+17, ThomasEYoung4, fear has turned to anger.  now it is the time to turn this anger into action.  together we will endure this.,0,0,359, everywhere: U. S. A., None
825,8.30E+17, Thu Feb 09 20:41:08 +0000 2017,1.49E+12, how many advil do u take for it to actually work or where can i get some vicodin,  vicodin,17076312, scaringbabies, smells like dirt,0,0,332, Oregon, None
844,8.30E+17, Thu Feb 09 21:31:24 +0000 2017,1.49E+12, whoah. dont mix vicodin and weed,  vicodin,3778892594, itsjustmejessyc, ||loveland  co||  ,0,0,107, Colorado: USA, None
850,8.30E+17, Thu Feb 09 21:43:56 +0000 2017,1.49E+12, finally figured out why i cant even with today  forgot the vicodin,  vicodin,300674767, Molly17Winning, lets adventure.. ,0,0,181, None, None
935,8.30E+17, Fri Feb 10 02:26:10 +0000 2017,1.49E+12, @sp00kyheidi1 one time i took nyquil and vicodin together. i was so high that i couldnt even stand.   love nyquil  never doing it again.,  vicodin,4855971453, PoppertheCat, just trying to get by in this cateatmouse world.,0,0,264, Philadelphia: PA, None
109,8.30E+17, Fri Feb 10 21:03:26 +0000 2017,1.49E+12, sniffing vicodin in paris never felt so euphoric,  vicodin,1109543754, kelseyyy02, nursing student @ la salle university,0,0,151, Philadelphia: PA, None
136,8.30E+17, Fri Feb 10 22:30:56 +0000 2017,1.49E+12, @klonkadonk make sure to wash ur scotch down with some vicodin dont actually do this,  vicodin,345393358, KClarkSC2, trash tier gamer. memer. protoss player  data analyst. general livestreaming expert. snapchatkkt kclarksc2,0,0,244, Alexandria: VA, {'type': 'Point': 'coordinates': [38.7961893: -77.0746592]}
275,8.30E+17, Sat Feb 11 08:26:41 +0000 2017,1.49E+12, i railed a like of vicodin when  i was 10,  vicodin,150378461, SydnieEndecott,  sydnieendecott,0,0,439, Redding: California, None
359,8.30E+17, Sat Feb 11 18:35:51 +0000 2017,1.49E+12, @paytoncoverts greatgrandmas secret to turning 100 a lot of vicodin,  vicodin,204156505, NoelFisherOSU, lfk  cbus  kc,0,0,770, Kansas City: MO, None
400,8.31E+17, Sat Feb 11 22:15:35 +0000 2017,1.49E+12, my dentist was like dont drink when you take the vicodin but i just washed one down with a shot of chivas ,  vicodin,85512776, mariahgiraffe, you have been weighed  you have been measured  and you have been found wanting.,0,0,1347, Seattle: WA (w/ the giraffes), None
436,8.31E+17, Sun Feb 12 01:07:33 +0000 2017,1.49E+12, these  vicodin gotta nigga feeling goooooooood,  vicodin,198670857, OhDatsJu, next move better than my last move brydge laylafridays vitasaturdays citiessundays,0,0,1034, Capitol Heights: MD, None
455,8.31E+17, Sun Feb 12 02:27:20 +0000 2017,1.49E+12, after today  i need vicodin and like a good 10 hours of sleep. byeee,  vicodin,46791593, Elle____Bee, biology is my background  but my passion is planning.,0,0,159, Indianapolis: IN, None
620,8.31E+17, Sun Feb 12 18:14:45 +0000 2017,1.49E+12, faith just took vicodin with a sip from my wine cooler...,  vicodin,2838038732, gretchen_frusti, sorry,0,0,150, None, None
646,8.31E+17, Sun Feb 12 20:34:25 +0000 2017,1.49E+12, sniffing vicodin in paris never felt so euphoric,  vicodin,58724647, iBdeezus, ,0,0,418, Canada, None
664,8.31E+17, Sun Feb 12 21:56:52 +0000 2017,1.49E+12, remember when i was somewhere lost in attack on titan while my mouth was having an attack on vicodin.,  vicodin,531065940, TrayPickens, from indianapolis indiana took what talents i own and came to california. lplus1a  loving one another reverbnation for all music igatrayp atrayp317@gmail.com,0,0,1056, Los Angeles: CA, None
738,8.31E+17, Mon Feb 13 03:36:28 +0000 2017,1.49E+12, i stayed home took a vicodin... sometimes its all i can when i think about the president. how did he become the president,  vicodin,83018019, CassidyBrookeee, the revolution is now. ,0,0,681, None, None
782,8.31E+17, Mon Feb 13 08:08:16 +0000 2017,1.49E+12, percocets and vicodin help me sleep,  vicodin,2245017996, ccoakla, to the top we go | uci | creator of @arinzewrldwide,0,0,664, 909 to the 949 , None
783,8.31E+17, Mon Feb 13 08:13:47 +0000 2017,1.49E+12, lol 21 year old girls acting like orange county moms taking vicodin amp talking about their clothes over skyy vodka out their purse,  vicodin,42364428, shutuptrevor, throw me to the fucking wolves,0,0,136, San Francisco: CA, None
799,8.31E+17, Mon Feb 13 11:45:03 +0000 2017,1.49E+12, @snowthaproduct homo needs vicodin,  vicodin,4362428295, PimpinDeezHoes, gods son,0,0,1, New York: USA, None
814,8.31E+17, Mon Feb 13 14:07:27 +0000 2017,1.49E+12, i just found extra 20mg vicodin ,  vicodin,8.16E+17, tsAdaBlack, hostess of @thebpnetwork and i deal out post traumatic trigger syndrome.,0,0,185, Kekistan, None
45,8.31E+17, Mon Feb 13 19:20:42 +0000 2017,1.49E+12, we might have to take a vicodin for this  says @karpantschof as we toast socialized medicine  ,  vicodin,13575602, aparnamuk, heart born  lost  found in nyc | sr adviser @paleymc | priors @nytimes @business @cnbc @wsj @ap | 1st social ed @mckinsey | @columbia bagehot @brynmawrcollege,0,0,4998, New York, None
170,8.31E+17, Tue Feb 14 02:54:27 +0000 2017,1.49E+12, fam this oxy amp vicodin combo better help ,  vicodin,33708874, Reggie_IsDead, producer | master of depression  drugs  false love | dclxvi | suicide enthusiast | | free quan|,0,0,1309, Brewerytown: Norf Philadelphia, None
189,8.31E+17, Tue Feb 14 03:36:06 +0000 2017,1.49E+12, @greeneyedtwin yeah. exhaustion works. and vicodin. vicodin is quicker. then after the crotch kick i grew up tellin ,  vicodin,14249393, clarkemtp, hashtags  gifs  bring the funny and bring it smart. if its not sardonic  sarcastic and satirical i dont care. physician and entrepreneur. insta clarkemtp,0,0,1203, Portland: TX, None
214,8.31E+17, Tue Feb 14 04:49:37 +0000 2017,1.49E+12, the president of the united states... on percocet... and vicodin...  i love this show,  vicodin,170675435, OldManKaidan, dad af | marketing  community for @thinkgeekco | communications lead for @takethisorg | prev. @bungie | space cowboy | usmc vet,0,0,981, Denver: CO, None
262,8.31E+17, Tue Feb 14 12:28:39 +0000 2017,1.49E+12, that last lady caller sounded just like my neighbor who takes 34 vicodin a day @cspanwj,  vicodin,22977419, IBtalking, i try to watch  and comment on washington journal  cspan at 6am central  every morning.,0,0,550, Bugscuffel Community AR, None
269,8.31E+17, Tue Feb 14 13:03:58 +0000 2017,1.49E+12, tfw ur spending valentines day alone in bed and taking vicodin for a broken heart ,  vicodin,8.16E+17, tsAdaBlack, hostess of @thebpnetwork and i deal out post traumatic trigger syndrome.,0,0,216, Kekistan, None
278,8.32E+17, Tue Feb 14 14:15:11 +0000 2017,1.49E+12, this year my valentine is vicodin,  vicodin,3126825005, jeffisokay, doom and gloom,0,0,219, None, None
337,8.32E+17, Tue Feb 14 17:50:21 +0000 2017,1.49E+12, valentines day plans include   toby picking me up from my appointment to get an iud  toby feeding me vicodin  sleeping,  vicodin,717188695, Snaggletoothma, young and hungry || dark blue and clumsy  ig@snaggletoothmama                                                     @clevergalz,0,0,133, Burlington: VT, None
349,8.32E+17, Tue Feb 14 18:24:11 +0000 2017,1.49E+12, on that percocets and vicodin  im adding money not minusin,  vicodin,156705670, brybalshy, writereditor for ltb || 6  17,0,0,95, United States of America, None
356,8.32E+17, Tue Feb 14 18:56:53 +0000 2017,1.49E+12, she poppin pussy like its vicodin  and i just wanna try that shit,  vicodin,494177652, anthonymassengi, a vision without a action is merely a dream,0,0,240, North Top, None
400,8.32E+17, Tue Feb 14 21:33:12 +0000 2017,1.49E+12, sniffin vicodin in paris never felt so euphoric,  vicodin,381819819, turkeyySANDwich, snapchat sandra.slivka  instagram sandra619,0,0,592, Wellsburg: WV, None
436,8.32E+17, Tue Feb 14 23:49:55 +0000 2017,1.49E+12, almost just choked on a vicodin happyvalentinesday,  vicodin,330764971, CourtLangfield, day drinking enthusiest ,0,0,528, Scottsdale: AZ, None
471,8.32E+17, Wed Feb 15 02:29:40 +0000 2017,1.49E+12, um...so did rinna have a vicodin smoothie before her convo with eden  how do you not remember saying someones near death rhobh,  vicodin,17123538, grlnxtdoorisblk, writer. blog the girl next door is black. traveler. observer. pop culture junkie. animal lover. opinions galore. lets be better humans. sc|ig grlnxtdoorisblk,0,0,3525, Brooklyn: NY, None
485,8.32E+17, Wed Feb 15 03:06:04 +0000 2017,1.49E+12, @huffpostquebec that poor man justintrudeau. theres not enough vicodins in the world  after that meeting. ,  vicodin,1713714938, HenrickVLA, extrovert  film  music lover. i interview  talk movies  indiefilms documentary  and socialissues we should care about  while keeping the funny intact.,0,0,1099, Los Angeles: CA, None
651,8.32E+17, Wed Feb 15 17:41:17 +0000 2017,1.49E+12, my accounting professor today i doing an experiment to see what kills my pain best  2 mt. dew and 1 vicodin or 1 mt. dew and 2 vicodin,  vicodin,411593859, Matranga_Kozeny, i do what i want.                                                     gcu 19,0,0,321, None, None
747,8.32E+17, Thu Feb 16 00:00:04 +0000 2017,1.49E+12, fuck. this pain is so bad. i hope half this vicodin will help me. ,  vicodin,1081654250, lyvierre, ,0,0,50, Deadlandäó¢California, None
877,8.32E+17, Thu Feb 16 06:54:10 +0000 2017,1.49E+12, i forgot i railed a vicodin heyo,  vicodin,3123385009, caitycharbabe, choke me yall,0,0,318, Portland: OR, None
900,8.32E+17, Thu Feb 16 09:56:33 +0000 2017,1.49E+12, i took a vicodin and didnt throw up so that was cool,  vicodin,3123385009, caitycharbabe, choke me yall,0,0,318, Portland: OR, None
1009,8.32E+17, Thu Feb 16 18:13:16 +0000 2017,1.49E+12, tfw the vicodin kicks in ,  vicodin,28146121, iJoshHammond, im a husband  an irreverent mormon  a wazzu alum who cougs it when it comes to tweeting  libertarian  and i consider myself transfat.,0,0,1182, Phoenix: AZ, None
1049,8.32E+17, Thu Feb 16 19:42:30 +0000 2017,1.49E+12, sniffin vicodin in paris never felt so euphoric,  vicodin,323497312, robbthedj, yeah im grumpy,0,0,162, Morgantown: WV, None
1073,8.33E+17, Fri Feb 17 16:02:56 +0000 2017,1.49E+12, i always request percocet instead of vicodin,  vicodin,2213162941, strange_flesh, adjunct poet from the swamp wizard gnome in dnd a weird girl,0,0,148, New Orleans: LA, None
1216,8.33E+17, Fri Feb 17 23:23:55 +0000 2017,1.49E+12, when you mention rush ppl reach for the vicodin amp scotch. ,  vicodin,325304262, WalksWithLenny, im the supercool dog walkersitter serving the river north and west loop area of chicago i dig dogs and dogs dig me dig it juventus and calcio ,0,0,309, Chicago, None
1241,8.33E+17, Sat Feb 18 00:24:40 +0000 2017,1.49E+12, ive been on percs and vicodin for the past 2 days and either one does nothing for me ,  vicodin,237196747, SylaRenee, temple university 19. tf,0,0,785, ATL - PHL, None
1270,8.33E+17, Sat Feb 18 02:18:31 +0000 2017,1.49E+12, i dont think ive ever loved anything more than i love this ice pack.  @elliekonfrst13 postwisdomteeth removal   vicodin.,  vicodin,18749239, JKonfrst, comms. prof. @drakeuniversity  fighter of good fights. not ready to make nice. love @cubs  iowa  my kids  @lkonfrst and @umichfootball  not in that order.,0,0,1631, Windsor Heights: IA, None
1288,8.33E+17, Sat Feb 18 03:12:26 +0000 2017,1.49E+12, dont take the vicodin if youre drinking tonight thanks mom ,  vicodin,172038430, c_chapelin, the daily struggle. keep on  keepin on little buddies. ,0,0,379, San Francisco: CA, None
1329,8.33E+17, Sat Feb 18 05:36:22 +0000 2017,1.49E+12, i have to take vicodin every 4 hours and im still fucked up when the 4 hour mark rolls around...,  vicodin,1869573060, BriannaShier, im a bitch,0,0,394, None, None
1436,8.33E+17, Sat Feb 18 18:24:55 +0000 2017,1.49E+12, @askauntieem1 yeah  ive got gabapentin  vicodin in the day  plus amytriptyline at night. also a beta blocker for hbp. side effects...,  vicodin,625752921, SteveCarey5, contains pervasive language,0,0,291, WI, None
1505,8.33E+17, Sun Feb 19 00:05:21 +0000 2017,1.49E+12, im bout to overdose on vicodin bruh idgaf idc my ankle amp head hurt like a bitchhhh,  vicodin,72122875, Kenya_KayVaughn, music. makeup,0,0,361, ny:nc:la: im somewhere, None
1539,8.33E+17, Sun Feb 19 02:34:25 +0000 2017,1.49E+12, @hateholly some vicodin should help,  vicodin,629435326, ShaunMike25, draftnik  giants  writer  lsu  politics dreaming of njoku,0,0,1694, New York: USA, None
1663,8.33E+17, Sun Feb 19 17:00:21 +0000 2017,1.49E+12, i really hate pain pills but this vicodin is saving my life today. so to the plug. donttakexanstho,  vicodin,522413331, sidmfkid, my momma dont want me rap.,0,0,538, Denver: CO, None
1668,8.33E+17, Sun Feb 19 17:07:47 +0000 2017,1.49E+12, @realdonaldtrump are you talking about vicodin if so  where can one find this deal asking for a friend... ,  vicodin,28261439, davidandre82, sports.. politics.. sex.. music.. life..,0,0,283, Jersey, None
1917,8.34E+17, Mon Feb 20 14:20:54 +0000 2017,1.49E+12, family holidays include good food  drama  alcohol  vicodin  and xanax.,  vicodin,1478347902, PaganParish,  w  b o all     ,0,0,2066, äóÁ*ŒÁRuleräÖƒ9thäÖƒRealmŒÁ*äóÁ, None
1957,8.34E+17, Mon Feb 20 17:37:32 +0000 2017,1.49E+12, sniffin vicodin in paris never felt so euphoric,  vicodin,4505482175, caaaadyy, the sky was yellow and the sun was blue   sc caaaady,0,0,605, cape cod, None
2236,8.34E+17, Tue Feb 21 14:46:43 +0000 2017,1.49E+12, well  i either took two excederin or two vicodin. well find out shortly.,  vicodin,251685711, IH8MyselfMore, @jalynkicksrocks dont dm me,0,0,217, Columbus: OH, None
2391,8.34E+17, Tue Feb 21 22:32:22 +0000 2017,1.49E+12, i have a headache. not tonight. tellauselesslie  of course tonight. wtf do you think vicodin is for duh.,  vicodin,14249393, clarkemtp, no dms please  thanks  instagram clarkemtp here for the tagsperform your due diligence before following me.,0,0,1429, Portland: TX, None
2425,8.34E+17, Tue Feb 21 23:52:56 +0000 2017,1.49E+12, theres not enough drugs in the world to altar my memory of you  not even a bump of cocaine  a vicodin or a glass of champagne ,  vicodin,3405580744, abxlla, ...a pile of tender teeth and bones  wrapped in the grass of windy meadows  farmers field,0,0,142, Hell: Pennsylvania , None
2479,8.34E+17, Wed Feb 22 01:58:12 +0000 2017,1.49E+12, .......he was probably tryna get some popcorn or some vicodin. i dunno.,  vicodin,252845735, HeyWrongMan, brandon est. 1986 | tragically uncool | your worst best friend | prograps fan | 13rd of @the333podcast | ill be in orlando march 30april 3rd. be there.,0,0,2143, The Friend Zone, None
2585,8.34E+17, Wed Feb 22 10:42:52 +0000 2017,1.49E+12, this chick would rather use a potato to heal herself than surgery  but shell pop them vicodin like there aint no tomorrow goodluckbitch,  vicodin,406568653, melmiles24, none,0,0,52, Chicago, None
2,8.34E+17, Wed Feb 22 16:01:23 +0000 2017,1.49E+12, @ripcitymornings according to my buddy the pharmacist  viagra backwards is vicodin ,  vicodin,7.88E+17, huska4vr, none,0,0,5, None, None
13,8.34E+17, Wed Feb 22 16:54:29 +0000 2017,1.49E+12, cant wait to get this wisdom tooth out and spend all weekend on vicodin,  vicodin,100856100, margmilz, none,0,0,307, CLE, None
158,8.35E+17, Thu Feb 23 00:16:07 +0000 2017,1.49E+12,  needs more vicodin ,  vicodin,16117130, dianewitt, the city is my church. dont count on any second coming.,0,0,3634, Evanston: IL, None
223,8.35E+17, Thu Feb 23 03:54:50 +0000 2017,1.49E+12, @eastcoastcat96 waiting so long. hurts like a bitch. 15mgs of vicodin does nothing. always something huh glad youre well tho ,  vicodin,26437496, APPLEJAXXS, not shy. im into docys  paranormal  pop culture  reading  learning  cats. laugh..even at my expense. i try. i like rain. and snow. men w cats are sexy,0,0,2458, augusta ga, None
245,8.35E+17, Thu Feb 23 04:58:36 +0000 2017,1.49E+12, thank god for vicodin.,  vicodin,2316017726, typicalburghfan, | competitive powerlifter  usapl 57kg  | proud bookworm  | sc pagemendoza | ig savvytrexlady,0,0,589, Colorado: USA, None
247,8.35E+17, Thu Feb 23 05:17:12 +0000 2017,1.49E+12, i am wide awake despite a long day at work and no naps. plus  i took a vicodin. need sleep.,  vicodin,9798682, Edhed, enter insightful comment here,0,0,228, Central IL, None
320,8.35E+17, Thu Feb 23 14:27:03 +0000 2017,1.49E+12, whenlifegivesyou a big bottle of vicodin  party. just remember its a c2 now so theres no refills. thanks dea.,  vicodin,14249393, clarkemtp, physician  entrepreneur  instagram clarkemtp here for the tags  gif wars  intelligence  humor. perform your due diligence before following me.,0,0,1479, Portland: TX, None
364,8.35E+17, Thu Feb 23 16:36:02 +0000 2017,1.49E+12, @gqbell make sure they give you percocets amp not vicodin,  vicodin,36523483, fleekyMing, you cant even keep up with a bitch like me,0,0,839, Akron: OH, None
377,8.35E+17, Thu Feb 23 17:02:05 +0000 2017,1.49E+12, youre rapping about homosexuals and vicodin,  vicodin,1301326802, afed_69, none,0,0,493, None, None
400,8.35E+17, Thu Feb 23 18:03:08 +0000 2017,1.49E+12, hi @senjohnmccain hows it hanging songbird. time to retire dont you think go relax  eat a vicodin like cindy do ,  vicodin,23340159, Grrr8Recruiter, former @usarmy nco  oif vet. bu terrier. husband and father. patriot who loves america  common sense. liberalism is a disease. friend of jimmy k. maga,0,0,1174, United States, None
420,8.35E+17, Thu Feb 23 19:19:33 +0000 2017,1.49E+12, @trapthegod depends on what painkillers and how much. i smoked weed on vicodin  just gotta moderate  and be careful ,  vicodin,7.96E+17, smokingsomthing, let me make content for you. marketing and branding. open to new 420710 products. always looking for la people to smoke and chat with. ,0,0,4893, Los Angeles: CA, None
614,8.35E+17, Fri Feb 24 03:47:33 +0000 2017,1.49E+12, my mom was like  man i wish i could give you the vicodin that i have... ummmm ok like send it asap,  vicodin,53986070, Ayahahahahaa, im that girl everyone thinks is funny  west coast ,0,0,409, Santa Monica: CA, None
640,8.35E+17, Fri Feb 24 04:59:35 +0000 2017,1.49E+12, we can take vicodin tonight baby its all on meeee,  vicodin,221513269, YoPushaBodie, dead man walking. contact kamuran akyol bodiemgmt@gmail.com,0,0,471, 112 Ocean Avenue, None
650,8.35E+17, Fri Feb 24 05:21:10 +0000 2017,1.49E+12, waiting for this vicodin to kick in so i can knock out again and wake up confused ,  vicodin,451230064, tloweeee_, muah,0,0,939, RIP josh and calvin, None
654,8.35E+17, Fri Feb 24 05:22:36 +0000 2017,1.49E+12, i feel a powerful lust for burritos and vicodin.,  vicodin,370354789, JPDorieux, eagle scout.,0,0,509, Salt Lake City., None
761,8.35E+17, Fri Feb 24 13:44:13 +0000 2017,1.49E+12, dont hit that bong before watching planet earth  but heres a month of vicodin after having your teeth cleaned.,  vicodin,239784755, shallinallin, subway showtime showtime dancer,0,0,1947, The Q Train bet Dekalb & Canal, None
831,8.35E+17, Fri Feb 24 17:24:14 +0000 2017,1.49E+12, we can take vicodin tonight baby  its all on meeeee,  vicodin,51595502, iamDanny_, none,0,0,354, Óîë Mt. Vernon NY , None
898,8.35E+17, Fri Feb 24 19:35:23 +0000 2017,1.49E+12, she poppin pussy like its vicodin,  vicodin,844347168, adrizzzy_, bad bitch w a foul mouth,0,0,201, Pataskala: OH, None
918,8.35E+17, Fri Feb 24 20:25:22 +0000 2017,1.49E+12, i need a vicodin,  vicodin,2353822958, alexisgrass16, by the power of truth  i while living have conquered the universe. fred,0,0,318, Lumberton / houston , None
1007,8.35E+17, Sat Feb 25 00:59:02 +0000 2017,1.49E+12, we can take vicodin tonight baby,  vicodin,996199375, localcourtney, none,0,0,158, w/ anyi , None
1038,8.35E+17, Sat Feb 25 02:07:18 +0000 2017,1.49E+12, my resident had surgery amp is high off vicodin. its the funniest thing ever lol,  vicodin,42221875, eileenthiswayy, 22. bodypaint canvas. lvn. in love w a man who farts a lot. im a luxury few can afford.,0,0,324, San Antonio: TX, None
1058,8.35E+17, Sat Feb 25 03:01:16 +0000 2017,1.49E+12, omg i need something for the pain please drop off vicodin at speedway,  vicodin,340150282, ConnorDoughert1, i just dont give a fuck |rappersinger| snapchat condougherty98 | theicnicep,0,0,349, North Babylon: NY, None
1141,8.35E+17, Sat Feb 25 07:45:24 +0000 2017,1.49E+12, fell asleep for the night and just woke up its 145 and this vicodin is shit lol,  vicodin,1570766179, umaluznatural, you already are who you want to be ,0,0,105, exactly where i need to be, None
1263,8.36E+17, Sat Feb 25 19:37:56 +0000 2017,1.49E+12, live love vicodin,  vicodin,940353860, nikole_marie2, mapp all star,0,0,335, the big house , None
1278,8.36E+17, Sat Feb 25 20:43:21 +0000 2017,1.49E+12, part of me wants 2 hang out later part of me wants 2 down a bottle of vicodin just 2 c what happens,  vicodin,2896773338, BonesJones8617, icmwappcisd,0,0,324, California: USA, None
1354,8.36E+17, Sun Feb 26 01:32:12 +0000 2017,1.49E+12, annie is at the cavs game and im in bed on a vicodin bender,  vicodin,100856100, margmilz, none,0,0,309, CLE, None
1379,8.36E+17, Sun Feb 26 02:56:37 +0000 2017,1.49E+12, @sensanders im thinking marijuana is a lot better than the vicodin they give me.,  vicodin,237138603, Indymike67, former military working dog handler for us army.,0,0,44, Indiana, None
1402,8.36E+17, Sun Feb 26 04:33:01 +0000 2017,1.49E+12, none of the toothache home remedies worked. i thankfully located vicodin from my last infection amp its significantly taken the edge off,  vicodin,2743610730, cjeanne22, always laughing  always loving  ,0,0,201, Constant State Of Panic , None
1453,8.36E+17, Sun Feb 26 10:10:20 +0000 2017,1.49E+12, nobody fucks with vicodin no more thou yall sleep,  vicodin,7.06E+17, marccoosss, be phenomenal or be forgotten 1kpg,0,0,500, come find me , None
1463,8.36E+17, Sun Feb 26 13:01:55 +0000 2017,1.49E+12, my dad said take a vicodin ,  vicodin,453032717, jessscinquee_, fuck a degree bih im trappin | snapchat  chinkks |  | ,0,0,364, New York, None
1482,8.36E+17, Sun Feb 26 15:02:11 +0000 2017,1.49E+12, this toothache is so bad i took 500mg of vicodin and it hasnt touched the pain. send help ,  vicodin,2743610730, cjeanne22, always laughing  always loving  ,0,0,201, Constant State Of Panic , None
1610,8.36E+17, Sun Feb 26 21:08:21 +0000 2017,1.49E+12, i done had the same 3 vicodin in my room since i got my tooth pulled.,  vicodin,260309794, austinmccall_, dumb modern  uwg19,0,0,801, atlanta, None
1644,8.36E+17, Sun Feb 26 23:42:14 +0000 2017,1.49E+12, high off vicodin and drinking a slurpee.,  vicodin,134595506, lddennis3223, writer. an introvert that is just really good at extrovert things. always doing it for the culture. life is all about the view.,0,0,313, Happy Hour or Brunch, None
1661,8.36E+17, Mon Feb 27 00:36:53 +0000 2017,1.49E+12, advil is for wusses  vicodin all the way advil vicodin funny funnypic funnyquote truth ,  vicodin,203213115, KirasAndRheasMo, horse trainer  wine lover  proud intj and digital marketing extraordinaire. horselessons hackney equestrianlife digitalmarketing smm wine,0,0,381, Washington, {'type': 'Point': 'coordinates': [47.4866: -122.195]}
1697,8.36E+17, Mon Feb 27 02:25:30 +0000 2017,1.49E+12, took a vicodin and walked from bushwick to union square,  vicodin,65044665, HarleeSuperstar, the little girl behind the woman,0,0,214, hooker from space, None
1786,8.36E+17, Mon Feb 27 06:21:26 +0000 2017,1.49E+12, @ladyvader99 same but vicodin,  vicodin,294685755, CoriMarie21, supergirl super fan. recap blogger for  cohost @sgirlpowerhour can hear @lilymrosenthal get offended from miles away,0,0,898, Oakland: CA, None
1827,8.36E+17, Mon Feb 27 14:46:16 +0000 2017,1.49E+12, tooth be damned i think this concludes my using vicodin.,  vicodin,35488742, aerojad, i make computers work and take photos of things. ill also chatter about sports  technology  weather  and maybe politics i guess. hehim,0,0,236, Chicago: IL, None
1830,8.36E+17, Mon Feb 27 14:50:40 +0000 2017,1.49E+12, @brianwhitman do you have vicodin glasses on well...you on a wampy day is still smarter than most on their best ,  vicodin,77978033, i_am_mandarava, ,0,0,192, Los Angeles: CA, None
161,8.39E+17, Tue Mar 07 02:29:54 +0000 2017,1.49E+12, bitch this vicodin haha im,  vicodin,2218391588, ODET0SLEEP, get to know me,0,0,744, chula vista: ca, None
232,8.39E+17, Tue Mar 07 07:39:02 +0000 2017,1.49E+12, soooo.. i have to take vicodin for the pain now ,  vicodin,2495682056, MzMelanieNicole, 20 something. ,0,0,166, Mission: San Francisco, None
307,8.39E+17, Tue Mar 07 16:04:33 +0000 2017,1.49E+12, i took like 5 vicodin to get me through today.,  vicodin,25539141, TrillKitten, the pain that you have been feeling cannot compare to the joy that is coming. romans 818 ,0,0,1535, Chicago to Las Vegas ä_¥Ÿ, None
425,8.39E+17, Tue Mar 07 23:41:23 +0000 2017,1.49E+12, i like vicodin and um dean martin,  vicodin,127411479, ChocolaKato, underboss of the yakavetta crime family,0,0,456, nowhere, None
480,8.39E+17, Wed Mar 08 02:27:02 +0000 2017,1.49E+12, jk. im on the couch redressing waiting on this vicodin to kick in so i can float to sleep.,  vicodin,197071035, PeteyRawlins, god is better than the worlds best thing,0,0,246, Wanderlust: SC, None
503,8.39E+17, Wed Mar 08 03:32:58 +0000 2017,1.49E+12, i fell and hit my head. two ct scans  an xray  and a couple hospitaladministered vicodin later 23 000. give or ,  vicodin,21618254, alexandraknew, equalopoportunity nosebooper. the otters knew i was still around on kinja. ,0,0,333, California, None
653,8.40E+17, Wed Mar 08 18:37:35 +0000 2017,1.49E+12, we do exactly what you like baby and its all on me  we can take vicodin tonight baby  its all on me,  vicodin,96249652, jordanjohnson9, loafers and raris,0,0,203, MavKato 17, None
698,8.40E+17, Wed Mar 08 20:57:12 +0000 2017,1.49E+12, just want my chipmunk cheeks to unswell and this vicodin to kick in ab 10 xs harder lol,  vicodin,406782408, LakenWhite, none,0,0,689, Ironton & Athens: Ohio, None
705,8.40E+17, Wed Mar 08 21:10:13 +0000 2017,1.49E+12, when your dentist tells you that vicodin is not enough for your weight and height so he switches you to oxy ,  vicodin,85512776, mariahgiraffe, you have been weighed  you have been measured  and you have been found wanting.,0,0,1368, Seattle: WA (w/ the giraffes), None
770,8.40E+17, Thu Mar 09 00:12:50 +0000 2017,1.49E+12, im waiting for my doc to prescribe my vicodin so i can start on remaking my resume.,  vicodin,98591051, antflores01, none,0,0,33, None, None
777,8.40E+17, Thu Mar 09 00:37:53 +0000 2017,1.49E+12, sniffin vicodin in paris never felt so euphoric,  vicodin,105955887, geewalkup, i am so small and bitter im like a human espresso,0,0,363, None, None
793,8.40E+17, Thu Mar 09 01:20:33 +0000 2017,1.49E+12, we could be gigantic  everything i need  vicodin on sunday night,  vicodin,47695730, zefrron, youre a sinking ship and nothing positive for me will come out of associating with you,0,0,386, DFW TX, None
854,8.40E+17, Thu Mar 09 04:53:42 +0000 2017,1.49E+12, dont menace over these vicodins  you mustve seen satan,  vicodin,187575033, kachi1k, 678 b1mobb 4l,0,0,724, atlanta, None
856,8.40E+17, Thu Mar 09 04:54:44 +0000 2017,1.49E+12, sniffing vicodin in paris remix is honestly my favorite song. please listen to it.,  vicodin,3831066133, cassie_0214, i love you. jmf,0,0,414, Texas: USA, None
1004,8.40E+17, Thu Mar 09 15:09:05 +0000 2017,1.49E+12, i was going to let myself have another lazy day in bed  high off hella vicodin  codeine and weed. but nah. ill just be high and do work boi,  vicodin,378718284, TristinHuerta, trippygang entertainments sole owner  president  ceo and executive chairman. 3aminorlando out now famous people watch my work.  trippygangbusiness@gmail.com,0,0,14587, Section S: Palm Compton FL 386, None
1111,8.40E+17, Thu Mar 09 19:37:49 +0000 2017,1.49E+12, hey guys  everything went great. im in pain but ill get my vicodin and muscle relaxers as soon as i get foods ,  vicodin,2371532695, MySkylarRaye, 24 insta  cam model  see pinned tweet for latest news. skylarjonesmfc@gmail.com wishlist,0,0,549, None, None
1118,8.40E+17, Thu Mar 09 19:59:54 +0000 2017,1.49E+12, i told fam those little vicodin you wrote me are weak as shit and i need something stronger. he said  wow thats truly the strongest out.,  vicodin,197071035, PeteyRawlins, god is better than the worlds best thing,0,0,246, Wanderlust: SC, None
1124,8.40E+17, Thu Mar 09 20:18:56 +0000 2017,1.49E+12, sniffing vicodin in paris never felt so euphoric,  vicodin,3027163065, leahlindslay, pretty girls listen to trap music  rip daddy 496,0,0,499, nawf atlanta, None